GK6GN,703
WUTHF,887
ORW6Y,724
29V7T,791
HGXRQ,746
B61CP,567
9RRED,737
C6B3T,750
KWJ5O,827
IXJKT,617
2OK9A,729
G2JR9,745
GFK4S,866
N30A9,849
AWR2R,843
FQDD1,846
YBW3D,786
M8CDW,788
NDX21,803
J6L8A,810
NL9AW,800
K3IGM,942
H94MQ,781
9KDP0,747
KQKNE,628
8XFAV,729
1PILH,855
CNQA9,754
9ITO3,750
WV9FZ,687
35W7G,608
5NK4L,807
FQAQL,736
ZKIBW,715
1B9C8,653
GD9BQ,742
X58SH,1081
PQBGG,971
1LEE4,546
BZ171,697
JTTAP,685
KDK62,750
L4FWN,739
M02OO,657
98GQH,549
63TU2,832
GC51E,2951
8Z5SJ,720
HRASP,768
7WIKW,1068
VYNEU,759
ECG4S,615
J3UGZ,553
PW16K,975
BI86J,750
1X765,884
A3M94,932
JAOPD,628
6N2ZB,454
LUTIO,737
N0N4I,571
ITODQ,734
ZATTZ,804
8DE6J,802
VXOE4,751
1FPW9,724
DGPR1,717
OVFVJ,796
2PRCP,727
24SKP,532
P4WRI,761
M0QER,1499
R0207,798
2ZBL5,712
30TL5,805
AAH6R,178
1DGSW,921
E2EXR,736
AO8RW,809
AY08E,519
3SKWW,863
SUE5L,759
94YTY,799
U4FR1,1071
OWXLM,742
0ZSFI,732
EB1RG,674
YL612,758
60W9B,483
AD9MO,621
9NL5G,752
I7DWS,184
87EXS,755
L2N0G,477
W7EHF,668
VO45S,747
IM96T,540
ZLWXE,875
W2LM5,823
9CDB6,732
TS880,1030
BZ1TH,728
DQ1TU,766
LTC5Y,755
UG8WG,198
1KFLX,670
FJXBX,704
W70PA,753
W8P6Q,834
E5WJJ,1048
25BZ1,588
LN3WU,569
UJT87,760
SC5YW,726
4TX4N,786
JL5O0,445
PMJKO,789
ZDWM7,731
2DO31,581
NDK49,762
51RLB,483
K4UOG,775
B5X50,140
R88ZA,538
R0OI6,744
4986V,747
YV521,720
XN64E,794
1HGEX,720
HSSOZ,817
I5ZWF,721
YJ2CM,547
2SSGN,768
VLE11,795
X8AP2,728
RZNSM,604
WEAT2,604
XKH7W,798
APTS7,743
AGGSE,675
MFSGO,539
MFQ5S,939
0CGMQ,818
I52A6,896
WYZ5D,565
JZZH6,684
76A29,203
8K0Y5,766
29WOY,733
ZBDB5,712
D2VU8,470
OQU53,324
3IAPG,635
NH1CD,376
1X9A1,763
H41MY,430
O76N2,590
CJHFD,779
9LF40,418
7GYR4,732
MHTRY,204
PPY0W,776
MWPZ1,923
5EFVR,667
GBOZR,719
MK16R,761
16KTS,730
W5YUE,789
MS3E8,724
YSE1G,688
SHKHX,734
G57R6,587
TZR9Q,418
HP94W,806
CUII4,967
95GB4,722
NS0ZN,608
9UNLE,777
XHGV7,945
9M48H,752
T6BS9,359
3C1ZN,739
PZQIN,731
TDAY1,824
O52BL,766
FTWBB,729
MP6JQ,446
RZY2I,272
JCUT2,748
TZ548,456
2OY8R,738
FTNCO,398
SEDKM,764
ZF5CP,628
BPT87,785
TUJF4,707
NUKJ0,735
KKX90,725
VB1HT,862
FXIVQ,559
F44A2,758
RGY38,729
UVMZ8,734
A2771,743
RHU79,735
0AYPZ,566
MMFXQ,369
003WS,1099
74GN1,936
Z1LE8,604
XIUJE,777
KU656,526
4GHHK,801
RH44U,803
CWL92,153
AM4QC,582
JLX1D,1154
JU74I,479
9JZO2,859
26JZM,962
J9P8D,721
6YTAJ,747
B7T3B,751
A4K1X,721
9HIE0,737
C0LZD,722
B8WPE,788
4JSK6,1029
AI4NP,377
Y3B48,708
5U70R,791
F8A4G,585
B8IYJ,445
AF5BS,723
2MR5K,778
UJOLG,561
ILQ2R,769
DEJ35,648
D2T7Z,732
DFG9M,718
XKU2U,778
L8V10,682
A58GR,771
NSUHV,535
VSYFA,747
K48CQ,1406
8NU39,762
NPEA3,731
Y6MUU,937
6BXG4,496
YMT5U,745
CTCO8,715
KX7FC,880
ZG8KO,787
I4K7B,731
VK0OU,772
UKLQ1,791
REOES,610
OKIVH,741
TPW1Z,720
GV40M,569
BD0S7,666
XF28F,630
TKEKQ,185
2ZTNY,627
LABN7,529
QU8YS,506
K8HXX,380
WVNBE,1023
YP1HM,831
EHCUE,803
D87UN,698
DRGKV,766
9CL96,754
VFS9P,729
AVA41,774
9JPV3,697
6YZOL,746
S2FUO,573
EJL2F,735
5SBEY,363
OVKWZ,803
DY9AE,634
HHZUI,788
36WU0,748
HZ3AM,984
P3JMV,692
7DGWM,746
107YZ,723
7U43Y,728
MTZ0T,422
KMAQ2,722
Q3FZ6,599
TVBLW,780
Y0CA0,742
NJM82,1248
7OXNH,713
J4QIT,196
OE243,715
7SXQS,746
MIRSU,778
EAGYP,754
MMKKS,742
2DDGF,836
268ET,674
OZSB3,743
XSS0J,746
R5WMI,369
KL68V,765
5RY3S,738
BJ3ZF,997
D2CEL,778
DKR7B,747
F87KZ,558
KATDX,741
D5886,651
XPWYQ,591
H0P5D,738
5VS8B,598
4JQKA,782
44Q8A,755
JRSPH,761
696GE,623
ZAOWM,498
NKE77,739
DQ0EE,600
M18XP,751
76R37,765
RHAJX,705
03TL7,916
8NEYJ,742
U79C9,838
1GKWJ,847
44T8B,712
ZO3EG,914
UL65N,695
MEZVN,709
5LPJL,748
WPPAT,658
APZUZ,730
YYGJV,309
K7VCU,739
J5WOX,725
3Z1YC,747
FJIMX,724
E7TLO,734
6RQHT,529
4FQJY,740
ZR19K,865
ZSAQG,739
XO3AI,829
DSAF3,731
JFU3J,802
XB4HN,613
BABV1,684
5GP8M,787
G1KTZ,749
YRIBO,557
XWVDK,419
4JXAK,518
YPUYO,764
12QGZ,695
CH8XJ,676
MKMFK,545
ATJEO,768
Z9RED,734
9XOED,738
0USFX,626
W86WR,706
BMYDX,874
ZXTY5,733
IRGXQ,680
OMFOJ,722
A4VK8,433
V1WN7,865
U928R,544
897OI,744
5NF0R,777
IJTWU,755
WSLMS,736
CG83G,650
X5QMG,740
IJZ4F,442
7HVU8,712
VG0NZ,485
5E01W,575
EOA7I,737
I3Q65,618
5IW8A,769
4U20P,682
DM2XL,539
120YL,1020
MHAGN,504
ZHF60,1608
NVKDC,405
TF9NQ,648
8IDIY,239
OELNE,585
3EJQW,635
7DU77,757
B0MFE,790
ZKNHG,1109
MBGPJ,639
XKPLB,549
V7YEJ,743
DBT6E,760
7QQJ1,735
LYXGZ,106
B6S6T,663
MB281,687
IJT65,562
3D81G,752
KF2MN,647
0PSL4,529
WIPMO,1009
0OQVD,133
4JW8U,739
TF6P8,662
6I0IH,698
PFKQ9,811
J3ZZH,968
ZYDGF,514
PBEUF,776
U6KQ7,339
NSV0N,736
VXNGC,728
RSRK7,76
K197X,698
H1GWM,769
0MDYC,619
ZCZ3X,732
01ZWG,787
AXZVQ,738
7EEF0,569
Z1GUW,583
D1VWG,546
QLAS7,739
SM1QV,746
9LONJ,751
FRLW2,756
EI17N,727
4QSRS,747
GFH4E,849
KK7D4,731
6QPNW,737
TNWWG,747
P73UC,723
PG1ID,771
3WMV4,418
2GF6R,518
TUPTT,803
Z06HO,703
SHP4R,549
8SA46,837
VKLP7,792
UY08H,536
J26CF,895
M1TZR,897
5311V,336
5DEHA,587
ULAWO,750
L0RDL,741
5Z1CO,600
CO3LU,889
7K2CS,723
IBWAW,736
A45RV,548
9ALI5,727
BPHWQ,745
RZLAZ,524
SHVVB,721
2Q6SZ,739
K9UXS,729
54CFS,738
QNXGG,504
N1FIJ,795
P9D7P,739
OZCGO,860
M4FW0,799
OJYDD,866
J8781,480
ORPD5,701
G70A2,290
IFRT0,735
W2QG1,502
LZ2Y4,507
D4CHP,711
7RBKP,736
9D37U,735
Q6M0X,804
WK5PL,543
2C2AI,737
XDVAY,764
Z5FNI,668
IZ2XX,665
00NN7,736
SJGZ2,939
CR1OK,490
JTXAM,570
TRFB0,775
FTETB,718
G4NOT,727
SJ4IG,405
2ECXI,661
5GEJS,799
4H64T,1032
NP0YG,487
YFI1M,660
57J92,880
3OQ8M,605
I713Z,723
MMGTX,847
P0DXX,1249
1BEFM,705
0F7LW,732
BMPEV,671
YC3OE,940
MICBC,805
YX3V0,745
JO8M2,759
CI7PQ,804
0HD9F,658
WT405,734
UVP3F,595
HJ2JO,712
BRJ0H,844
NGXV2,755
PO74I,622
LFU36,659
5QJNP,918
5R8BL,509
1DNAX,676
ORUV6,577
CVPQR,735
ZBIUK,694
GY6NH,737
B7SZJ,692
VOBBG,735
JOHZ0,806
0HVVN,742
IZ978,952
V7T91,746
RCA3E,718
MLDGN,434
A33VQ,742
JC9SA,1138
V47ZW,709
5QXCO,805
9I3HW,496
UPXBJ,812
QO1TO,798
DU416,735
TBPLW,744
F6Z7U,743
6KDQO,716
T9N9R,723
ZI3ED,740
KI6RS,699
JDZV7,746
VTOYP,677
DR7K0,753
VGPYM,773
I6B5D,915
IO5UK,607
XXX1O,731
3GY40,738
X95MU,874
ED6VQ,586
5P284,973
S00C3,727
Y5VGQ,862
9SIZS,713
K5OQO,736
7UZZI,640
5S1SL,755
FEWUR,738
4H935,773
VE52Z,852
52GJU,522
JIUH7,670
6W82I,695
3MIWR,606
47Y1V,732
RO3A2,647
TD2DR,728
0A8CF,773
UG6NT,738
WM2J7,732
VDUO1,854
642HE,1024
WQQ4Q,962
LCA0Q,784
MI7WU,768
1DYYP,741
4P13T,747
2SIO0,747
M5UQR,778
L1S6P,716
5D1FD,730
MC45U,855
PABBK,711
2TWI2,847
KDYNB,77
CDULZ,729
RM1FR,852
OS7VW,720
XHQT1,809
JZB97,771
ZM7BR,536
H0R3P,812
WH1PD,723
0MJHH,916
F1V30,761
QNVMD,855
9OH7W,771
MB1MR,760
IWOUL,709
GPJ6E,714
OG07V,728
FYP5L,751
CB42N,732
91J8K,750
QGHR6,57
K8ZIK,705
J8JOQ,746
1LZ53,803
ZZ9RN,723
YVK8M,434
JSOLV,724
7Z2KR,634
RGE8C,718
P4AEF,703
C1QDS,735
PZ0MM,724
S16FI,704
PVB4S,786
1O1JS,729
5Q3QB,855
6LNYW,906
5VUQE,743
7TNGJ,651
0QMGP,735
D8ZZM,852
XPDI1,703
1K0GV,673
2ZFNL,470
NHD1J,715
0CG15,795
UETKQ,733
AWN1C,1099
5JSFE,740
SG2HN,735
FQNPB,221
JJ7M6,728
L5GEN,731
SWIQN,595
215QU,757
23Y3I,735
W0YVE,462
LBGFT,515
3J85M,831
DGPUE,752
VU0UY,803
892RS,737
2XLVN,924
WJ13E,1143
V9W9C,1229
0BH84,751
CBXI2,722
WZA37,498
U1DE4,755
HHAM7,733
OBXY5,729
TU4IL,743
OK2AF,744
C6C7Q,759
BYP85,813
R74DE,972
RKJFZ,733
9HTQ1,744
2JTRG,764
6TC5G,418
LF49A,633
M0KTN,799
8V97G,640
XZLNT,721
H608V,496
L1BNN,739
XEJ35,708
D7KU2,745
537I0,512
OQ4SO,752
Q42EE,313
EW8GX,706
4FD1T,744
AR7ZK,643
V6ZO7,1437
334W9,498
OOOQT,716
YFH0D,739
D9DSH,734
OE751,797
V1SQH,672
CW4AU,834
2G59W,302
UQJ58,839
1J3I0,571
OL2JP,706
1NDVD,633
Z8HPQ,867
SY1JE,412
EE502,195
MEHNH,799
QKIYJ,786
FXZI5,777
OB7UK,754
C8KER,1082
0RNRI,746
Q4TKG,784
MQ9PZ,742
SROEU,744
F800A,720
XC8DF,556
TEQU4,631
L5YHH,875
9ZQ0R,726
65UVU,744
BYWZ5,733
OOWBP,1308
0IFCL,938
974PN,733
1JH1W,1015
QO49P,363
J3ZQS,937
D04GX,315
92WXO,770
NAF1C,890
9J0RB,376
O1LMX,721
LV24Z,644
S7CH5,252
DDWK5,790
FLQ59,203
S0Z00,728
2QWGI,824
8EKYA,634
OPPVW,585
BVX8X,727
AHZWF,673
VX7P0,731
8MY8P,735
ICOX1,764
TLJRV,1026
8Y4YD,742
SU26P,771
3IRHH,936
NL7BY,325
TW12W,742
XNXW6,412
L8XSB,573
EGPAO,720
7U9EW,777
D4AJ5,539
LUZNA,752
SANRG,764
NILOB,699
1X0M3,1271
VOAAZ,1187
SXI64,774
4021N,729
2PZBY,725
SMMK4,759
GHJ8Z,763
MDOSW,707
RXJ04,1434
W65FZ,723
DHR83,740
IOBKP,821
4GLAP,729
2H9YB,841
TIJOY,763
NU09Z,591
13MWT,741
YSBN0,686
XO97L,1341
RGNQD,237
E89S9,495
LW51F,389
OHNF4,664
WMPWW,773
T63X2,846
2CJC9,720
8I352,693
0RPJX,803
VRXQX,743
FMJZQ,460
6FYXS,472
VS7DA,955
EYZXC,989
CIUVA,1297
G2J63,756
RAGOI,263
E2TCA,833
ZD5YK,743
6UZLM,739
7ARCD,102
GHOR6,612
51O3C,444
N0ODO,738
F8UU2,882
YXBXH,648
WR1QE,730
Y5P4Q,1238
OBTP8,747
GXDGV,856
U5QJR,490
DR1ZU,326
CMNU3,325
E1U37,247
0P7U1,742
DSHVL,527
XULW2,289
J3KT5,448
DAGXP,176
5T607,990
JELL2,605
PFCRB,618
DAS12,812
IXVGR,659
DUZDL,953
CN108,810
D7LMI,630
F2EA8,685
X2QWR,722
KQYR0,574
MVL2O,920
9HVZN,657
61WBK,786
Z04NK,744
HYRBL,724
RPXAC,747
S2IG2,1073
LNWWJ,527
WJOR3,731
EMMYX,747
D19IR,745
7SAFU,840
1AR0K,1426
W6TFQ,773
J4RPL,737
9PAQ4,459
CRNL5,721
P12LH,769
JHTO5,350
HDHWS,674
ZHPZ1,732
Z320B,1056
JMCBE,499
DFEG2,489
W9BWJ,779
BAZWG,735
UNKXB,569
Q1SV4,733
LV760,449
5SMU6,753
CI6H7,384
IKZN3,819
FAJEA,723
6QDZI,733
RGTLB,721
QUXYH,734
9KGOL,758
04MTP,754
GIQEO,689
KRF68,729
HPEE5,582
83KZR,850
6YN3J,751
GKH0F,786
GA4EI,860
2X7OY,736
BZMLV,762
41ZY4,667
IWTWJ,471
QIQUA,831
TM9I6,733
X10CG,763
D548M,738
IIW0F,1076
KPWKY,752
3S70A,621
TVDWJ,541
HKLB1,792
X75PJ,681
GTHNX,735
OIRJ0,948
JEB7V,743
ZCULX,595
7LWW3,1077
AIOTI,736
VYMZC,729
L4DUU,759
AXYF9,754
TOUXU,760
26RQN,811
C4OY0,734
FDPHZ,737
5J9HP,862
G7GVD,1195
O7FDB,721
6SY30,715
3HOJR,809
HA8S9,745
85OEC,883
NKNVR,853
RZIAJ,726
SQKE4,718
OJT55,726
3VYGU,746
OKYYQ,652
TX7K1,750
82B2V,734
2GGH3,671
VGTX8,821
A58I2,770
T8V10,780
0SBT3,151
61KCY,733
NIRNP,406
V73YI,524
GM4C2,720
UFWKL,706
SLT0S,751
8BNBV,795
CDNNO,726
4ZJSI,711
0BNML,908
20LDB,914
V5PK0,813
0J471,522
BDWIX,725
D9V53,701
NTXXB,854
GJJA1,779
3CGO0,515
G2DIN,763
IUXP8,688
PCXYE,830
48CYX,545
LU3SU,749
7W1ZI,724
DRXNL,739
5YAN1,769
TE5P7,412
AMIHY,706
WLA52,843
A1PEO,781
7YMK9,972
EBHC9,699
FVYSO,536
V29QF,493
IAHN3,751
CEM0H,733
9UDMH,1258
GEJPM,923
PHWKM,488
U6P8F,373
3MV13,594
H6BT7,1503
0Z57Y,769
1XFP6,731
8L9LQ,734
QSQK2,714
9W681,305
7T6MB,754
2H56B,777
QKOP0,632
1NJOQ,840
D98TV,357
JIOD0,734
STHIK,711
E546V,533
C278V,734
6B9D8,735
ZJ37U,861
M3IK4,797
IA5TC,738
A10NL,486
64HO1,709
TOY9V,723
L42OQ,739
YV874,727
DSXEN,743
3NKHT,772
8ASRQ,436
NVQ84,1040
UGQD0,786
D3KN2,547
2LERW,390
MURBT,769
VZE8E,614
ON2Z4,647
LY2GQ,856
8TSH9,737
YM213,713
UMXKN,756
W3DYV,752
WX7AG,720
539EH,807
0DBQD,738
B7DNX,719
U2VK5,757
481PN,728
ZYGYS,587
JPVSV,728
MC25U,665
201W8,662
HR6MF,723
WVTVK,569
82R7V,741
IV1S7,403
SYMIR,851
22A2G,875
GF7DV,744
SBT2X,797
MX4FM,901
MQSXF,605
V2WXW,610
DLKWO,757
LNR61,791
YA7M0,1134
P2DV7,415
IQIBE,701
AMUDT,594
7UU9S,254
R4ENI,722
8FOD6,768
GW2Y8,775
D7PI9,739
O9L1K,745
JT1XT,721
JQKR5,1009
3XKBC,715
3ZC4Y,630
ICL1M,719
FFBK3,799
JKGTN,799
08F85,717
O630X,859
UX0YW,740
HJH7H,616
DQEC3,715
3EDV7,727
IQM7A,742
OEIRN,972
GQGAE,740
OXCDM,783
78FJX,750
KZ36U,735
WBT2F,743
2S9LB,763
1514T,582
EO3G8,754
JI3ZF,625
Q4SH4,240
9NV2G,796
MWAGL,995
6H78U,828
63GDX,755
SU2UY,721
EY6P4,745
2YO6G,278
DHR5F,730
EIB97,776
ZX37G,417
NF9ZR,742
BCO3C,727
1U9TF,529
KAHM2,819
LR9KL,731
EN9TD,463
NQPM5,480
1JGRO,731
XF2ZM,735
W25MK,726
JPEM7,570
I0IW5,422
5HWX0,737
EAVWL,563
M2XIS,508
9A58F,538
L9J5I,735
TBU3U,747
5ZXR3,747
PJUM0,765
MZJ9D,699
4ATDB,720
QYF31,269
5LAQN,608
RSFII,855
IK4Q8,741
5LETG,702
UVLL9,494
N7ZBM,732
7L4DW,752
86810,737
I0THD,736
XO8NL,739
HP3HV,446
8B9CX,485
2T4AO,590
IZSPN,739
5N26T,858
AGJH7,792
4NIBA,507
TW3RS,648
6FJBD,727
X0BEF,718
GY70Y,775
P4DL9,779
F87XT,225
Q0G6L,431
S8X4A,722
2MGC1,846
NTYC3,881
26YPV,508
XE19C,729
8WZJW,740
A2X7Q,455
UN6O9,657
H603E,777
2U903,625
GIC0G,759
PNA9N,664
LT6K4,736
S7OTQ,741
OCUPZ,776
RFMRB,755
72VJD,755
3Z08H,758
EY8S6,407
6VM42,412
DPDER,823
42MC3,569
SB7CW,803
7QWL3,776
CUSTU,821
YZ8HK,716
9PSZA,722
BZ4K7,580
Q07CU,818
15FVJ,656
0XP8L,876
5AM4C,730
AADCE,752
9U82D,831
76BFU,738
48EEP,720
8ENLP,750
MZHDX,754
TS2DM,765
4N5P9,764
M79TJ,662
SMVKB,751
TMA9G,939
92TUQ,630
RSFGZ,415
PCNUP,567
52FNN,775
OWRDE,1052
KC863,843
58R8A,468
KRLT7,597
FCBEQ,776
901GH,742
75RPN,514
X95D0,748
5S587,721
86X97,960
493WS,462
W5ZY8,805
RVLLF,731
LSH63,506
PP2FF,751
8CJML,704
SVEWD,687
N39RU,729
5X5DT,692
BPZ55,740
NEQHK,727
L0HDB,728
69R8T,791
TH3M0,763
59X8N,895
XHG13,606
8L08M,729
ME4D5,554
FV9AL,713
BM9NZ,809
XLF4J,673
QG338,847
YH7K4,695
HX22J,607
NUMAW,733
VCU4P,647
RRNDQ,765
9UZEY,391
CZPFO,950
H6OA2,763
IKBYS,461
UTR56,743
6TVXT,691
U5KRD,656
B0XI9,758
FW1L0,739
YNIWQ,747
7J5AA,739
GN9IH,555
6X0OV,404
I8BC5,735
VSWNF,839
WBJC3,348
SM4AO,790
G8SWD,646
YN3AA,733
ZZXQF,552
7UPGT,558
FZAEP,821
P03FP,751
NHUV1,427
X73XF,733
ZDX0Y,741
MJVDK,812
S2A89,464
FQGW4,603
IUVT3,375
EFNXW,751
4UXE3,790
TON6G,620
S8TT8,790
9LWQ6,545
KA3ER,735
RJDH2,711
C2QK3,732
G87XG,537
7VP2U,427
FYYFX,745
MMY3N,743
75KQ6,707
2LMQF,691
7326A,742
2XG25,734
AEZDA,841
969Z9,292
TSI2S,856
AEJ4T,735
A2Z46,811
0JQ26,456
S9SRM,755
1K4ZT,739
UDF8X,749
8SVWO,786
C6INR,846
SPKSE,676
FCQS8,648
CSHTJ,399
W1VO2,722
0ACZ8,748
RQRR6,807
CL9M5,743
YSZVZ,694
J3Y7L,714
0ET8W,739
PUY9Q,562
CN43X,809
7HQLV,823
C9VPX,774
H40VV,743
45P7D,490
VX82P,769
S6DKG,518
XSRBI,208
VD6P1,610
SZYJO,733
39LQ8,513
7SUTI,756
JX18W,720
DV31C,1139
3WRE7,736
WEW2E,801
DC3PF,721
CO8ZB,327
49NHJ,850
SBW7O,752
WF3NY,746
WP8D0,695
XFHYX,718
QAJQC,685
UQVO7,710
R390Z,738
0PA3N,775
NX8X9,695
5OMSL,863
GLOMM,270
IR7CA,727
6PZJ3,740
WLE0F,632
DD9YS,730
0R5GS,753
AZC1I,738
E2EHR,647
IFFPZ,581
9632M,767
9HI9D,740
ENDIE,775
JJB0A,887
WTFOC,523
HBPZJ,452
WBATR,801
VXJS4,726
NOLQ7,763
AIJ0M,749
OL2QI,913
IABNL,716
MLHCK,747
UWV5O,762
XXS99,696
HKJUR,778
4JKLQ,835
58YA5,648
NY0IW,606
NGZQ9,847
417RA,728
L0QNM,731
WZRLQ,838
MAUMO,810
PNAXO,791
1P7GJ,1025
IL0LY,652
1O4ZZ,752
75M1Z,740
CC610,795
7ZPHX,690
XY2M3,773
1MD1H,781
9PXI9,740
DZ1VH,506
7JZGN,738
E0ZBC,1077
YG9UR,767
3DNW1,454
IDFTJ,710
6C0BK,727
W3SC3,526
YW5C4,629
D61NH,740
TXNDA,313
Q8UJ8,697
RVVDR,718
17LNN,770
8VNSV,981
HUNW6,754
5I5E5,666
K224I,730
B6LRC,743
82ZNR,728
XJE7I,689
GD1LA,830
4ETXZ,637
ED0VL,937
JQW1R,639
L8HMR,783
RVV5Q,430
59CDL,769
KFM5Q,667
UJVCW,685
WT2C0,740
ZF7YA,894
TCOXG,726
4J8YT,432
SQ3C9,744
V2ZO4,738
N5PLR,827
WMBOO,800
OSK3Y,749
F5XQM,833
KFOX4,833
H7UYR,734
1ZB73,733
KJOWG,753
GKBX9,451
HOLED,740
FPNT1,430
564DX,853
QC9M1,1072
F8E1N,601
TTRAJ,607
ZXKUH,733
DZVTI,699
OHVMG,738
J4VCR,708
Q7RK6,721
CPFLM,530
Z5THW,812
U33ZS,739
KAU5T,763
D7D89,732
LK2XX,713
N78RL,691
P2HZG,743
YNWMW,392
AQIV7,904
Y5PF5,764
DJG7A,739
WSZSL,678
UYJVE,940
V8LFC,727
GCWNT,550
CPH1Y,588
FJRGJ,770
GFJJ8,721
OZ6SB,453
WPU76,972
JSS05,723
CY2J2,1221
27ZT9,792
QLEN3,843
JXKPA,618
2Z8G8,716
S1W8H,739
33OVO,727
LQ0FJ,784
4SBL5,784
QDZ38,574
BNH5C,773
QLGHA,752
XACI3,710
CDIW7,488
J0VXY,863
3SNSC,725
UPWM5,760
Z6B6S,720
OVHFT,630
Y1FKP,751
OHQOO,743
9LRJZ,931
MCNRZ,722
FMXZS,1040
0BXRP,659
0S9KN,461
3VT73,793
5JIGM,671
79QDP,538
RRBM5,675
WNW0S,760
5V5EL,421
YVH4J,1121
KU4UP,736
41CZS,679
A3MOW,832
XRVQL,577
W0Y4E,780
2BO2G,908
7D99X,702
9N76L,894
YQ2M5,720
6F5W0,699
TBCYB,717
N0ZPI,723
RDUOV,794
UNQD7,768
TCQ97,602
TIEA9,739
FP5MM,727
DNZD8,655
KUO3N,786
47Y1X,803
4ZSAR,915
2JKR8,773
S1F6M,743
UF91R,724
DN6QU,667
MZGMN,618
9E89H,1107
QYMWC,738
PN4MI,733
ZEC1D,758
4L6GZ,907
06CKN,611
4X5P6,729
1KOZ4,1039
PFW9F,873
RYXCI,663
HVXXQ,138
FN457,769
UVP5I,752
FNM5E,391
13AUQ,610
T2FSV,880
983K8,755
SSPMK,899
G4JHX,839
WKDPZ,736
KYFKN,694
YJ06D,849
YHXU9,742
O1PD3,606
F4TXY,783
DZ0SB,935
VKDLS,461
6L2J7,739
IYNUU,780
F31X6,675
1KJI0,709
GAM0E,591
OXUKR,756
1D31Z,929
YNY82,741
D260T,738
V9DQI,758
AL1WC,722
W019T,744
DDX0N,765
Z6LYG,995
STAZI,873
DB07P,678
IDDTF,345
6AVDE,795
FVMVY,878
MPUJ7,731
GKII3,650
KHWI5,641
EBTD6,767
FPXL7,781
Z2DEZ,741
XMYXI,967
VCYH8,658
GY8P2,409
FGUUZ,779
JMA1R,367
WGEEK,413
MYPU6,732
4CHXK,582
Z9WWJ,579
91H2P,104
3G4PN,848
VHIG7,670
51JUO,1063
NSM0B,519
IEZFM,719
K95WN,735
LK3LF,650
MOWLI,706
LIP4U,804
3STO2,795
RY8GH,875
H3241,1022
3O300,771
JMXK5,638
CAW41,573
IYU90,734
7HSUM,835
IHLXC,393
RTGML,418
EG1MY,755
1FX8Q,676
EU10X,713
TMYHM,680
FHXKQ,723
YUOQW,799
QEY8N,688
C6V75,758
NI4JV,760
GYVK9,693
42SEP,592
0RI7C,751
7HWS7,711
ZAJG5,743
WZZPC,170
UZDEE,726
CRTUY,638
9RA4P,1228
0IH69,727
MDXF4,827
FGY8R,655
YMD74,737
MH601,741
H46LQ,811
3EHAJ,731
XV8CH,678
HD38O,827
2BFZG,731
ZS66D,620
GQCUX,735
Z5KH4,1450
LSAMR,728
SSKK6,774
406LH,821
43ODF,723
CPF9H,833
MLBTH,734
EG1XK,811
7E2AJ,391
81DW6,507
K9MPN,443
JA49K,730
8CUWA,547
UB2EJ,504
WHRBU,759
PT4XS,751
PXYN8,724
LXJ86,1067
36EK5,764
EJFBM,605
WQSYC,700
LSVHK,753
L8FFR,751
I6PBQ,469
01KM1,762
D4RH8,699
XUV0Y,584
LLTBQ,494
61WIS,646
UPT25,724
O2OUX,735
Y2YO6,716
X7QXE,216
YYLKT,558
MNEQ4,758
ITXRK,1357
KHWG2,727
R8I8E,727
H7BTV,753
KLZN8,727
KJ428,762
USZCJ,600
HMTRB,662
DR4R7,463
B3HCE,726
PM2GT,712
V25D1,674
5NE5A,662
LT13Z,739
M0RUS,758
A6JLX,403
3YQE2,720
CZO8C,756
FVDNY,758
LT2IJ,892
75AX5,1271
ABHC6,773
WXC7V,3008
SP89Y,451
W4U3V,886
KVGRN,496
OUBUX,762
NP0OB,446
WIWZ1,88
ZA7ST,811
VLMII,735
AKEDL,730
G8R5Q,308
P5JRJ,588
AD28I,832
OLV1L,788
1W28T,738
UTNL9,690
GBDJX,543
X0JKJ,804
NZG0R,682
3L3LC,735
Z4Y02,845
F1DQD,767
N7130,742
5L09N,947
W0A0Z,703
CCN3E,501
D0AGO,938
GF6TR,767
OE2OX,802
LE5F4,606
82QZP,771
ICALV,750
8W31Y,735
7G0HB,1156
76TOK,787
99SGB,310
EHHRS,714
0M0T4,1300
5ZDNU,560
RUK08,201
ACKR6,195
S5U92,736
1WAOU,765
45BIP,591
27DCQ,745
29JK6,829
V0ZD9,905
U3T5A,769
YONR1,764
YACA8,715
TJ3GZ,694
U6XPZ,596
XSY2P,759
0JHMW,391
JK4Q2,743
10LP3,478
MR3ON,381
N2ZB3,87
PEY34,595
3AHLN,544
1HP1X,791
A1NKP,739
PXBN0,693
XZGIR,739
3W5GB,738
4PCSC,647
VXEXI,743
C83CD,759
JKZUM,777
DIB6D,728
H6ROK,733
JIWY2,672
62AC0,216
8QCBP,742
ZUYCL,710
3WD4E,847
ZI2XH,738
ZTWJB,756
0H04V,795
XS6PF,751
PYE2T,765
QL92H,523
30JQT,855
OINMN,1087
DCSYP,366
3Z7KH,756
YUCU2,497
YKVYR,637
IJOAK,922
MD41D,973
7ELBG,926
RSLIM,735
Z7UOT,732
HBL9L,331
31YNM,730
CW9VO,823
Q8HQM,595
38TA9,734
ZOLVU,788
IEXTB,780
M40WF,866
5657O,744
R1KMF,677
YIM12,734
ZUKHZ,433
PZ0ND,278
E84XY,651
06L9P,532
QN4MZ,692
JKWJ6,749
TE4PT,710
FDU31,887
MA1ON,104
KG2LF,746
I31V9,289
B5R5B,754
SUYMQ,865
DSWBA,595
MRXEW,851
R2KI4,786
ECW3E,952
QBUAT,727
10M0F,780
S37QK,770
MFXZD,772
TNOBD,723
ENJ7V,956
TZEIN,619
9T11N,732
VXRCZ,562
KUQLC,523
TI9JB,993
953I1,551
BOQ5J,854
7TJ60,740
M0P0H,236
5V8OI,677
FLLUJ,735
DVBVZ,741
RG1XI,747
U9LKA,617
35LUV,824
GMTL9,741
XJVQL,480
3CIVD,543
XOOPP,414
FIJ3D,716
MEW6T,862
U37WC,771
D8HN1,664
14TJT,691
IQY10,100
11L5M,702
891C5,725
3C8OG,720
ABXKN,775
YXSI7,559
MY7NU,705
WPY0R,771
LOP4H,1229
KI0YZ,820
4J494,730
2SKOA,605
0TL9Y,766
BUBT0,750
0VMUZ,643
I5L3Y,788
WMD0E,703
Q96A8,741
7G6F0,737
XJ4T3,584
92NRK,731
IWMW1,660
K4Q7F,376
G1NFB,798
L9H3O,795
ZCG3J,594
H43VE,572
12XD3,476
FTYFA,730
1X4SD,543
29C6X,519
OEM65,850
0GH5O,732
MYB7P,471
T6OAB,682
432NL,756
EJJIO,663
DV6CH,765
A8LZE,705
229ZR,971
AAQHJ,741
EW3VV,1091
KWQKH,563
BVDIM,735
06R14,497
CSLEP,981
OB9H3,729
VKBIV,750
VWFJA,617
6OKDO,779
Q8XEE,469
7GF4E,707
OUAIS,899
1WJ6O,751
7VMDP,647
2QI8F,515
1Q8WU,605
9HG4Z,411
VL20E,530
J40UT,766
5GK8W,818
8T2MI,284
5WS7U,926
OD1A5,828
4WWYI,484
KT2SV,969
297S4,1309
4O9A6,756
DCFKL,741
RSTVT,520
J3RP9,927
FJYWX,909
UM5II,810
XY4C7,722
ERC0T,758
QDINO,611
FKJ9L,726
XU2BY,789
RJN35,821
01O27,1107
AICB5,780
WCIBT,1455
NL26D,738
U5T4M,471
XWKKZ,741
L11YV,771
HH0VG,1724
0AMBV,441
DGMDT,703
8R0SZ,696
FACX2,732
H3LUW,851
W9XWS,821
C93HZ,732
XNGAV,257
IACBH,827
VAIVN,944
N3SBJ,751
13YII,626
67EEN,657
BKC9E,734
APQSV,645
I5F23,767
1AA3I,786
JZDL6,732
807JJ,763
FFYL6,330
C7V0X,683
QJXNG,765
Q71PE,749
NEFHO,358
5DRVF,751
CC87Z,748
19UA5,77
5I54H,570
NYDRK,671
XWQ3Z,439
E780X,711
L2DR0,635
LTBKU,768
J7D0D,632
0NN7I,748
B9FWR,751
GSQX3,619
55V6Z,723
DPCGS,731
1G2QC,815
WRW74,620
WI6NB,1069
OOE32,766
BGKCD,805
L36YT,499
V7KBN,702
WX8N8,754
B0BDR,741
POACA,713
U1BQ0,714
56XKK,917
NSDFA,843
QEFJF,738
3VWR9,740
HU409,718
1375X,685
BTW1H,742
X8XQE,1015
JQHIC,747
SP8UG,799
E40VQ,1171
SSH5I,715
VXZBA,754
LRQXG,738
O5FR0,743
EMF9Q,778
GQZOR,726
RV5CK,797
4ZWLA,701
S9P0W,919
FKM2X,731
DZNYK,674
HONRP,756
NO1GJ,608
CW645,326
G24CA,1297
XUTJZ,844
SRQPI,539
1CYLM,802
APH4V,741
5HPZ1,808
U5B14,721
F082Z,777
EF5XT,645
RXNW7,651
472B0,767
OPMF7,427
8FP8X,710
0BZAD,744
Q1JBR,764
1W2NR,779
FHPRK,717
77JB7,1038
815KV,769
EFIA2,763
VLZ40,551
87EQI,594
2VNXF,538
H32FR,984
BFVDN,741
YAPN7,993
5Q6N6,547
1GGRY,506
HVZUQ,731
III9I,520
3G991,740
6WWB3,712
2U0QT,740
BT8WU,753
WTUGM,140
KFLI0,451
VBML2,505
ZRBO7,727
DQ46N,746
G3TEA,999
CPZZ1,1126
3XM7Q,739
0UK3H,591
V1PRP,707
36T5X,795
L5I5D,570
9B9OE,773
5DYQR,417
4SN6Z,787
F76GD,858
DCRI5,727
D23WM,738
1L2G1,723
RV48T,735
VYP2T,743
F8E8C,777
8BGE9,745
5T0NX,180
RE2CX,670
MMFQA,929
YT9AL,1358
FZBK6,484
5XA4R,630
BQZ52,984
8DGUN,792
0D5JP,728
5AEB8,745
3HF45,664
GJN99,495
QLQNJ,723
CTIYN,713
XAHU4,263
4C4LC,757
19BHU,697
HDMN4,728
MA4YN,685
DQ6U7,696
SA7GL,741
QQRP2,725
1L5D3,737
JIS2Q,329
2YJUQ,924
W1QG3,935
ZL61Y,734
0EJAG,631
TCQXI,744
M1FNW,736
TUVM8,747
3GXB7,754
NUSKJ,1258
CUB69,522
0PU21,741
GOWDG,767
GG4UR,474
1BUFQ,967
S0YID,717
UU5XI,729
77KWE,737
XZM6Y,419
6OQYV,372
38I4G,608
1ZBUS,505
05ZNF,743
UY0SK,643
B4ZJR,698
5SJ89,751
TXMF9,666
TY68F,504
LSURK,657
EDPTO,968
2YT8V,752
BO62A,831
KTDG0,336
2DPEC,736
VW4UD,646
S4EEQ,788
E184J,746
3A4PE,839
GIIF8,388
E23CT,761
V54TI,728
XTZYM,787
Y6ROG,706
1XOQ8,715
PZ2W1,888
N8R3F,472
XPOKK,614
3Q6N1,320
MZK2X,669
9WLBQ,790
K7E8L,913
DVT6L,696
03EW0,748
6KI0S,881
UZN0J,741
4O32W,729
7BLQD,591
ZY8F2,706
KW3BO,673
RJQL6,751
YCST7,106
YNRI0,518
8CUHI,523
Q2U7O,803
2BS0V,821
27KAK,810
IDW61,772
SAGM9,720
A0ZW3,779
PEKGD,133
C6F8V,447
5P0ON,783
YUOVC,847
300LS,477
RPPCV,739
ZJR24,743
9S0NZ,633
GVHM9,419
VEX8Z,570
2NZ5C,768
KRZW8,758
CNS9B,748
E0YEK,1039
BZ5AU,731
YLNPX,912
SB8G0,751
KPXQ0,722
ARWNX,734
EIKUN,731
YJV7W,652
K1FT7,731
L005N,732
WE2PF,742
YAXGX,729
5JSGK,713
H7Y0J,735
B0LK0,1024
XJA7Z,733
MV9N4,696
7ODVS,247
XOFEX,716
DT02O,120
3JXKZ,778
9OP4S,861
YMJ6E,623
NO0WS,728
39T0D,807
77Z0Z,805
MYZLT,955
TRHB9,979
VUNSQ,810
GU43L,706
COFJV,532
Y2MGC,769
ILKXV,738
8V9OD,538
XCUOD,818
5N7EW,723
BJXRT,842
QLWQ4,1103
WKPQ3,771
XF41L,927
RJNAB,786
DU7H1,1118
W8CWW,730
DVPL2,683
NGWRE,855
LY74H,803
DZDD2,777
VSAA7,870
IOL8Q,730
670G1,683
FIBCE,759
JJLTF,811
AZFKK,723
2OHTZ,798
M1GW9,769
KO2MY,473
YIK5I,785
C10FA,883
PHIIX,607
ESAIY,856
OWENO,173
IFTEQ,766
I68J0,918
PTAZ9,723
TIGIP,904
IJ3QB,580
C4DFA,838
HJM82,825
0ETKN,260
81YUE,738
UO607,653
Q366H,738
9J7EW,737
857LD,648
97NNW,731
Y2TNP,731
RF3EW,833
HB02D,732
SW5TC,698
OWZCZ,557
J3CWQ,596
T2J3M,760
T8O8Y,832
ZCO4U,740
RO116,525
JY0I5,339
U9B0R,745
1UFW1,730
E0MK4,415
YGXX6,291
UZOCD,752
Q85TS,759
2IS9G,715
QSVXJ,777
34BYN,726
C3CGB,744
JLQLC,1060
673VM,4283
LEPM3,823
7VSIV,731
3G1OQ,660
ZP4X6,622
UFVO8,376
PAYYN,689
3R95N,821
8175C,866
HEX2V,728
DBHN6,320
HWL2J,731
6KIA4,567
U2SJH,735
HURN7,733
14A2O,737
JCFFS,731
V8H9M,747
4S3UZ,847
VX39P,1131
MPN7K,588
N2XCF,1510
74Q66,600
AZZ3W,721
WHGAQ,711
GFON7,733
DP5S8,712
3CPVF,720
ING5Z,828
YKT8I,248
52IYR,821
SHMU7,743
OAHDH,527
610PZ,767
5TKIB,682
O0C2Z,758
7JDU4,731
5VGLI,659
LOBSL,871
Q49E0,776
Y2EID,527
AFCDN,707
3ZH9Z,785
F4BJJ,698
O4P08,726
07LG5,683
L218P,519
G2QG2,719
8Z4UY,237
JVLAZ,755
F50DT,768
1PALI,400
IVP8Q,736
5YGND,735
NI15V,735
JL6MG,957
GMQBY,723
50N4E,613
F3Y5H,1317
O1NO0,165
R3ZN9,790
HONL7,760
VDXXV,903
K8H4G,562
ZND9F,493
8ESHT,634
ZZDBH,714
8QL4N,529
KP8VI,741
TUTOD,775
BIK4X,139
B2X4D,738
TDD74,727
9FEV7,740
0DD62,414
LQMXW,866
CJELP,734
8XC4G,418
XZPAS,346
93B2K,739
VS2RI,360
88Z3M,653
BIW43,155
M3H7V,687
YT3VH,699
1BGZ0,516
PGGRZ,300
TRUIW,724
KPHP5,735
555RO,732
0WV3L,890
M5YLS,717
BI31D,419
UJ69X,752
MYBRN,535
5AW54,634
VSO80,757
866F1,243
K4LQP,731
1OIPY,958
N50C6,497
49QXY,800
Z7KC1,725
HG7C2,716
K64GM,734
W20LY,735
B5NS3,735
F1FV0,724
WISO0,855
RJU3H,735
Q435I,723
WRW7O,610
OYNBC,588
UT7R3,473
E7Q3R,666
1G90H,744
IKYVB,646
P3WQV,1095
XJS1X,740
9F91I,764
LY10X,793
MSVWC,516
ZFT06,731
MS58Y,717
1UI6I,652
G752J,741
GWZ2A,492
HGZ0V,443
JTXUA,1355
004QE,735
DYWLL,745
4ZJXR,761
XYSX1,758
Y3NN8,834
1OVB8,557
2KGV3,739
ZWE6N,906
0HGER,746
B71ZJ,679
43UGG,1274
320VL,746
IKJGO,1100
JCBDT,744
9B93K,1063
X2GNB,777
ZIP18,817
9CCDY,530
TOYP5,706
4ZNNP,735
TSBB8,550
46A6J,827
B4MNI,1083
8MLCU,699
G8V6N,120
YSKX3,400
W4BZX,880
9SKPI,888
E5CP9,752
MUWG4,1015
2VCOB,618
88TCK,753
X1624,219
S7FHA,630
8AKRP,479
UR7C8,789
V10LX,763
1XK68,768
4LNPN,794
1W6YY,707
5ZHOX,825
UK5AT,879
NDDHA,623
Y0MCG,737
HKOZM,594
8MIK9,737
I6IPP,697
7XBPE,314
9OEWM,488
6BFKO,683
FK143,876
S5NC8,741
73E7V,707
5UFCJ,706
98KNP,665
OWUW8,278
EK66A,732
VXXOU,113
0RSFD,941
QQGU3,434
UDAQU,748
V62NW,735
HB8QW,611
UKCTK,742
6ZKZS,606
N1E7A,499
GQ0H2,765
XKGMC,301
FLM1T,728
1M8EE,792
BYSQ7,886
RDHNQ,898
REWLB,736
16IDQ,827
9RKTE,631
RTEO8,558
7229M,831
4MUXJ,731
ACJR6,648
GWZMQ,842
R5B50,573
NY5LX,829
BVHA7,751
3EDGW,885
LF8HG,727
UGKZ4,772
2CR02,589
MDG2T,734
2XJG9,703
U7AAB,836
HUWAZ,1730
F30FL,989
ZAN58,841
WESPT,615
96GIQ,729
EIT66,291
5B9XE,768
MQRFK,545
4HZ3B,735
YEH3H,722
7ZTGM,552
O8S0J,411
76DE2,587
OTLX9,749
BE43L,757
G3UF4,392
EUV3V,742
XBTN7,623
9BHU1,713
BA6DD,827
FXGQI,744
LW5O6,376
EMYSA,619
UHDEF,363
JBFPI,732
ZOTR8,758
M0KKW,391
4HGD7,685
G06QC,717
FLCZA,257
NYHD7,729
LAJ9K,601
GADLP,754
RBQ9Y,1401
3FMAS,892
SRTW8,423
EF8O4,1116
97JCX,641
5KZLW,733
J355F,584
XRU9O,677
J4U86,854
TD3HC,591
SNUVF,890
5GG5W,694
KLP7V,572
NHTSB,778
VF49P,765
KFI7N,274
G11YN,741
LKN3Z,809
EUOT1,932
1BVUA,720
91T4S,674
BOC1T,754
20NI0,772
A54DW,751
IP2EA,778
E27NK,761
7BT7L,709
QE4YE,1027
GHARQ,732
QY2ZD,789
J3RD3,743
G3CDA,555
OGX19,707
JSTSD,534
7EBTI,742
CGLK6,380
QMHK8,1410
SNU9T,751
5M17J,874
TX122,863
U03TA,739
JCSTR,727
2M2O6,713
CS01T,835
Q7YXN,730
CK3H7,918
NJU3G,739
F024X,765
6KJGX,727
PVAJ8,905
7L5W3,744
194WK,581
PTA97,693
LC8T4,681
ECFMO,703
PTPJL,737
TKFY2,754
1YBKW,732
HDP39,819
PYIA3,711
Z2UX3,664
BVCCX,748
ZUHRU,748
JYG8P,733
V3B51,761
Y8M9P,747
UZ2AL,181
FMZOY,1015
QK5KC,741
IXY95,546
JNQOB,612
7L2RT,195
8WQOP,732
9IT59,517
MWC7V,727
HH1R7,712
ZHOP3,767
KFC28,815
7V4NJ,738
4BGWL,152
PU53O,739
WQYET,750
NIPVQ,229
LFPLP,632
P23HN,607
AK1LN,907
DTJ6B,613
URAIM,748
VGU6Y,780
JSUF4,734
138LG,433
TGDWN,734
W0QSB,815
WFD5Z,753
PVSVG,730
WH1S5,862
NQ1V6,720
21WN7,838
7YV59,853
MEG11,728
HEIW9,689
UEXO4,603
CGNBJ,916
CTPR2,740
45FWP,899
Y2DK5,698
VZY0C,462
OTUV7,405
SVPZT,1410
ZPNW7,1690
KAFV7,720
DNB5L,845
0MFAM,751
LSY08,743
J95X1,1086
YAHDM,769
PX7K1,762
U5M7E,727
QXEWQ,240
N14BK,1140
151DU,762
DSZYT,739
PWTN2,735
9D6WC,474
XSGYC,626
XI9LI,758
KWHPI,569
AZO8U,942
2UQKZ,852
RVKKS,690
LNXMJ,707
WWL0K,400
6KUUU,755
3QY79,1590
XEASG,783
ODMAZ,708
4ZY8C,771
SJ51G,740
FB7MZ,738
7AH3L,804
FO24A,194
LBG7L,734
P0ILN,742
6AJX0,481
12N1H,804
FQGQS,285
M98YV,721
HCSPE,734
JNWX7,1239
WA3CG,412
Z6ZYF,727
BQ4IN,764
QXGK5,698
EHS68,413
1Q6M7,741
AWGMW,729
XPY4P,734
1R9XW,810
TZZX3,721
K7NRW,738
ET9EE,485
LZEWE,769
URWX9,755
FNJ2G,775
A42EF,647
J06YV,752
VIN8S,813
MAMJ8,737
YO3KO,735
D8A6R,3290
TANH9,778
19MUM,743
MGCM8,739
EVHDE,766
S027B,461
8WYAG,757
M1P59,707
OBT3Q,708
1G9R7,807
KS5JT,703
83654,717
3QXPC,822
FJM09,385
VYI5L,731
YXJBA,962
R5K2K,734
KQLIJ,736
ODFF6,747
BI4PK,497
H26YY,723
KEPDQ,122
FTGSV,539
3ND23,733
J1KLV,700
NY8P3,736
1OF1O,813
5TLQE,601
IS7PL,499
MKBH8,711
SBI6Z,648
7DODT,738
MU54W,626
K1X2C,273
JJGEU,747
K9EAZ,797
31TDO,1431
HY9LW,811
2B577,738
MZ3I3,1021
BM3UJ,791
5X6S7,791
1TGKL,745
VFDQU,743
G71O7,1139
85ABO,612
32MUM,733
015XE,789
CBZEP,171
3W6TL,534
O6T0T,687
3V4D7,722
4Y1AW,822
WWL0M,701
358JF,767
DMKRS,855
K8MMX,744
HJ5TL,806
57NFY,904
51J43,737
TMTAC,528
FQ8FN,751
WLV4Q,717
SRHJV,775
KU25F,726
PJO9R,830
R979C,674
IXL74,806
HFWE9,754
FIAJP,715
FT9PW,746
XRQDI,464
00X3U,507
UWL8I,672
NHYRG,1036
00T4B,485
OHR82,669
L0YQM,739
IOQFA,724
58JKZ,551
G6GQP,668
LKJE2,823
MS4GA,714
EN3QY,793
4MPPQ,932
NM65M,379
0L07S,645
US6P9,580
QFVMA,782
OK6BF,662
3EYLH,1331
7IPW7,683
41II2,758
T0HLX,760
KD2H4,652
X4WWH,799
G5G8K,747
N7IH0,848
QY75H,824
H8F1C,726
68QO4,734
U7Z37,704
28BVI,1034
K4X20,779
706BT,767
1DL0E,751
3RN5M,465
7XR13,678
RRS54,722
RBAO4,748
AYSTI,726
RCW5X,738
73J9F,567
99596,1065
5EFQ7,760
NALYZ,807
DW4YF,671
MAPVV,761
TIPUS,403
KN0TK,722
EED7D,1177
6ERRL,398
4N06O,685
JUZ3I,737
YXN50,922
EFD6M,734
J7BOV,778
EWH3D,781
ES7QT,737
66J84,763
5X039,738
W1SRN,778
9OMY1,738
3VMTS,734
4J1AP,494
SXYLN,718
PMG3A,648
BDY1V,733
ZDZFF,242
8NSDT,743
RKGXU,608
4F76V,679
W2P61,673
12VVC,487
GRYTY,754
LQD66,870
X91NG,931
1ESKX,920
BQ07S,964
IONV9,919
JCKRL,864
X8I9J,738
H6N4Z,672
282ZZ,872
3731F,753
4GCPM,925
TCN06,790
538JV,417
0K0LP,639
LV4U7,726
1AC4H,715
069GJ,574
OPSF8,732
D7MHV,708
TX020,518
AWCQN,738
PFLFU,731
5HSKK,748
KCLMY,730
O7KDK,415
1MU5L,710
HXQ55,811
HD57S,782
K8DDR,782
3W1GP,842
P4BC1,739
OJ6SX,751
NL0QB,718
MWZJY,703
9SP9P,766
Z70KK,744
XLR4B,729
PC7H2,749
4C31V,775
75F82,499
AOMNM,715
L1O0N,281
9QI0W,516
HRJX1,795
69EK6,875
UK8KW,715
8UUUR,372
OWGPH,654
COPFE,846
24XHS,814
974TA,749
4RVZB,823
W7J00,751
VGAMG,743
QHU9R,725
HKM3R,745
N67PL,734
RVLXD,575
EWCV4,726
Z6IAE,893
57A1A,451
MBSW4,393
3H1EA,537
ZJPK8,782
MO4WK,517
P81OP,865
BSF19,466
D87LI,729
G6ZOB,754
KFHLP,427
LLE9B,618
F66WG,857
R5O7F,934
MHI9B,887
KS0FF,744
VXRPP,741
19ZJB,738
Z1A0Q,1032
SVQL5,572
J7TT5,674
12LGF,716
H31ZH,927
X7TIA,464
HXWI9,784
H3E1E,808
HKSI2,733
IUBYO,144
1W6ZK,791
U72GG,927
4LU0G,793
BYMO6,615
HZXXN,731
Y9930,503
ACMHK,769
OUPCK,493
8TSU4,303
WULQ2,684
C1BON,646
WSS3R,950
40IEF,721
3VWSP,693
8PXPO,781
GX7SS,766
IDACP,552
AZZ7V,739
L76ND,725
XLXJ3,378
IAQQZ,658
BMONO,773
NOJK1,776
Z7QTA,643
HRR0X,621
3064K,662
E653K,713
Z97SD,743
SKZUG,375
3VRTT,380
ABPGE,730
CALKE,1161
NYXJ6,865
QMKZV,809
Q9DW7,1045
LQGMM,1377
QOWXK,1217
SNG4T,722
RW587,689
K9RH2,644
5US4Z,763
FV8CK,739
B9YPQ,743
RT1JY,395
Z3H4P,722
3T785,737
8KRLV,221
OO2SF,740
GNA1H,718
VY1GQ,828
5LVUF,750
1H6PS,610
DQFF2,739
Z0KN7,742
97Y6T,759
RJFT8,1108
FIV2P,746
NBSPH,739
P2UBC,799
9PWEK,829
FD9A5,1047
TJKGJ,770
5E8IN,550
FKAGD,759
9ESSY,735
R2G6S,1182
EBMIO,1438
6JB5R,3883
90W31,703
508GC,731
Y05U8,823
UCX0K,814
G30NS,899
W0J8C,928
TLDYG,472
0XV4T,721
D07V2,642
7B1CR,668
2KMGY,470
TU9K1,987
A0CJL,667
CK0FH,734
LWBPP,236
TZ27E,436
P4SB9,421
79YH2,744
XR54W,773
BHTPL,253
E53CQ,739
LVTRJ,1021
VIKQG,459
1NT8P,797
RVYXB,747
R00LO,763
G8NEV,794
UA2PO,779
VSLQT,926
3OLX3,718
GT53K,643
MDUG6,1030
0FJSU,428
2P273,784
Y1BWP,728
CV20O,728
7ZUE1,761
GLGQJ,948
Q071E,665
IR31O,744
HOZ76,734
0HGNK,846
8V9IX,950
VWAEL,870
6OROW,758
YMFWC,753
735W9,747
8ZO48,630
AWAFY,971
O0NVG,626
TU3IG,459
DS5J7,597
5CN21,608
IPH08,442
ADCTG,831
HHNTA,812
MTUR3,1183
M2KU5,930
4KK20,737
4YAR6,839
GBPPR,725
W8H3C,721
7XCAP,734
SBOI8,579
5INX3,1073
4DWGO,757
A59CN,582
J95U1,893
QEQJ3,734
TU1C9,735
L58KN,731
PB0JI,745
9BQ7M,791
IEQWT,648
YBVUE,722
H2ZYY,557
9YCQ3,837
E7ESG,755
41A89,734
WJQPA,790
15OH5,900
2PREF,600
T1XP2,743
22O95,155
MUO4G,444
TZV01,755
WGFU7,536
OOWJ9,817
38B3F,409
SAIDX,231
ORJTD,746
KSDFR,743
RUH7A,539
QLOW7,755
GAOV2,574
K7HQG,730
TVS1P,620
LKSBL,822
YRX5H,925
7WIRG,559
UI0QG,723
QM7Q3,742
Y4IIO,814
QXBTG,490
SQY6A,796
OSTTS,738
GGER2,794
RX6R8,735
C3HIN,491
N4S25,529
GWUM6,769
6WZ1K,743
MT9NE,722
5B2K2,730
T9Y1N,733
PQH3Q,697
YBZOU,838
PC92A,737
RBAO1,876
NEE6E,682
USM36,790
9WE7L,748
ME7RO,211
64F1C,721
H9F6S,743
POU1Z,906
YJ888,805
UL5X4,752
YAFX0,899
LCKF3,589
I6KKY,340
GCI2J,736
ABOBW,896
NNUCA,578
F0N38,742
DVHIB,719
WM6RQ,534
6MH42,811
3DO3W,471
VI2TX,751
O0349,746
LXSIG,676
422BV,488
44HW5,744
DD3Q1,603
I77FD,711
R5IQ5,736
RRQEV,442
DS22L,887
ZXN6A,732
ONT61,762
D0Q6H,735
D1NT7,779
N2OCX,439
9C4JX,829
LMX0P,807
I9CDV,736
V34GF,501
SAFT3,748
QZY6E,662
MNS8T,694
LDBDD,722
8LPZ0,901
K7X5G,783
330ZE,678
PGKB4,740
USPJK,754
2WX2Z,312
EDBSA,714
RQJWI,739
WV8SY,529
OSIKP,740
YCGJS,736
ZL3QP,735
M4D35,296
D85MK,771
2TBSE,520
NB42S,730
36AJ1,735
3OAGK,702
1TZK5,738
WF8WM,760
F3ULU,757
70S6Y,550
AKALB,762
OKVGK,842
SHTLT,777
0XV7B,862
YMWUS,1490
PD30D,851
NPM0Z,747
8IUTG,731
E7QDZ,578
0VQCH,133
40DSU,731
2FG3P,395
AFTMI,919
JBZF5,737
0IISQ,736
GTK8W,893
WGJ8T,781
9D2T4,742
5CT0V,767
P7RQS,758
P8Y27,739
N9J83,746
CWMSY,769
DD57W,969
8F17S,739
7NOOM,855
D0Y4L,722
QMIKJ,719
Q0XQX,554
VG0GK,505
2JR26,914
75MO8,714
9ILM6,689
0A8ZT,801
AGZ28,835
1QT62,1306
ODM20,696
VKXLL,1677
2Z8HO,739
PAS7F,733
NBIR0,776
SAT9P,684
OO139,758
KU3WI,571
BCX7K,755
X1EZQ,767
LFDQF,737
MJ1T7,732
9M9OB,756
CICFF,1105
5MF9Y,655
NAWO1,1155
URWJL,790
FVITB,787
O55V6,706
XFLQH,838
SFOPU,587
UVPSZ,807
337O2,614
H5ZG9,737
ZP53M,738
Y7WEK,705
97PX8,1143
X8DZV,783
GOPZI,767
FXRMG,793
MXRF4,253
GL7ER,818
MLLVP,487
QQM8M,64
LECWG,754
9AFSH,730
VG8QP,733
U6QKX,344
JZ45I,817
MURXK,698
FPQRX,1210
WYCRK,714
3U6HO,395
W3NN2,713
J1YJ6,838
R6QCQ,426
WKP5N,767
N3OKQ,766
Y5NDR,556
64IAU,747
0NM06,757
OK45U,804
O8PO3,478
5O281,742
DLFPX,638
YZWQH,733
83D9H,734
47I6H,448
ODD3K,808
Y6419,669
R9NRA,739
JFBTV,726
JFR2I,778
VTEWM,1103
ZH4JE,810
WYYUD,807
Z60TB,345
R55C1,733
SX248,1039
099Y1,745
F8M2Y,704
6JB9M,816
TZSIE,746
8D4ZT,733
O6FSN,710
A8T8V,784
KSAGF,571
MVPPS,477
27SS2,728
UEC1F,515
AB166,362
4DSYI,740
VVJE0,741
YYJ8I,475
AJRIJ,763
8JTF4,666
OVMCM,743
0FVYR,899
DN0CB,1865
R6TI2,724
RF39W,669
MGBLJ,749
1L376,645
WZDXS,866
GNNAE,707
QXI52,755
H1J19,733
2Z60J,588
BDNMB,607
1EX1G,657
N8N6U,707
987P8,499
G2WHU,279
WZN0I,745
VE6GK,745
7P0HA,622
MOT57,613
4WX0H,760
1SMZZ,571
5M9JX,657
TQXMV,411
XRG9K,456
PCZZS,896
W2TL1,743
MSQA1,1281
A3OWG,422
IQ0ZX,616
ZKNCV,778
ZNQVC,748
99UA6,1426
FS94F,743
6ALEL,622
Q948H,792
J867Z,597
4BSR0,644
6IHRD,727
GLS7U,749
T7449,652
VVMYX,847
UX8NQ,601
SFHHR,751
JJKNY,236
NZX0U,757
RLA7N,908
LVJ3U,634
B2NBR,733
SN85M,741
FMOKR,890
PUWX2,728
VQOBM,403
RJD1Z,850
ESTDK,784
MSN1B,564
IU8YI,756
LK3BW,348
Q6ZD9,682
OBS75,727
HC62A,759
VL66E,752
YUGJJ,909
15PMU,742
38ZFZ,590
ZKK73,710
SILHS,730
2ZXJ5,407
9I034,633
P68QV,735
KKEX0,428
I8QJN,743
QQ9RN,549
J9T5D,817
U4XV9,722
SD90M,786
V26U3,718
DB52Q,747
PSCWP,847
X00I8,704
AVL8A,816
E6389,680
2E8GU,538
HL5OP,876
6R7QY,731
6HWQJ,592
LWEPB,724
0O6RK,726
E9UYZ,765
8XJUM,921
MT6C2,535
FO035,802
A84J7,586
LHMMJ,613
8K46I,691
71J7E,759
AOBWQ,747
EIK9W,862
ZZ89F,832
T8B7B,704
TW2F4,755
J8KPE,953
ZEID0,648
LOSLI,560
5J7FQ,761
8BG1T,1092
1US0H,717
KP53W,739
L09BS,616
MUGVM,731
3ZKDY,614
VFD5I,800
0OE6M,284
8X49S,510
R0OGE,1022
M4FOP,772
YYHX3,549
PB7PQ,735
B32CU,789
4Y8FU,766
NDWYP,556
L39A4,897
VSS68,685
CC6JC,480
PCNB7,605
TK1VC,486
RXBUJ,604
HL9YR,977
EAWW4,436
1YTD7,729
BUE2L,758
0F0WE,803
AS7SG,729
5YN7H,266
MPX3X,723
XWY6P,781
XWQ1D,734
XOOTA,186
KQNOV,783
AFY5E,752
MCHRP,585
RSWXX,812
VS7VS,713
DYXY5,781
9GS13,1848
SHTQ9,490
OQ9W3,633
8ZPXA,250
BLIW5,787
92UB5,743
TX1HS,68
B8DL6,515
XJE4Y,760
D8BTU,561
SLDVU,765
5BTFZ,754
3YVPG,987
TPH12,711
CVX3K,798
J3LY1,868
9UU4H,816
39I5H,786
13XM4,679
5IOQB,683
E002I,571
XXDHJ,573
1YDCG,914
LFBCQ,319
1Z5FK,775
GR4MX,735
U8I40,720
MTOFZ,703
0ZC7L,906
Y0CSN,758
DVM8I,729
X89FW,936
4JQBM,739
OP2SS,755
OIOIO,767
7Z69Y,1359
X3KFE,765
SBMQX,728
7XVS7,940
ZGTP8,557
WPNEM,546
TAGEG,457
HS14N,747
K8AUX,710
MJYTA,646
G5IHT,778
ICQZX,732
8XCHK,735
9QVWC,778
U6L1X,661
XBPEJ,483
OGA0C,230
FMZ4A,735
FR5FD,532
B7HDN,735
21A0W,754
LRDW5,662
DMI87,736
I4IFT,822
NYZL3,741
Q6290,411
IJNBL,985
HJM37,348
IWF0U,793
342XO,787
1F706,722
MI4SN,1085
RCD08,745
U8X15,556
W4W97,535
70TVS,1049
FE6RN,716
DJ87X,772
0Z36L,738
ZYZWX,731
RXQEJ,805
LWINQ,709
8K380,739
FQAAB,859
VPIYF,248
RS6EK,731
X898O,743
9YNN1,707
BW5MF,490
493U8,773
EK5K1,1028
AT9UV,841
QRR1S,560
SUKBV,408
OHNUQ,896
21F9H,727
OTMBG,527
BZWSJ,753
U0BCE,1018
TKJCI,727
1VRH1,729
GHC5X,649
UXET8,736
G4IV1,510
OLH8O,724
EAKL5,735
07RDG,713
LPHVE,759
LXEPT,746
ZYYKH,232
H76DJ,767
OFPAE,809
S7RXC,730
ZAIHG,743
99B6U,671
6YH19,810
CY6U7,553
K0IGF,831
RVZ7X,835
0JP8Q,674
A7KHN,443
X8MNV,787
U588C,786
FX1T5,735
ZC8L5,744
8XICU,603
9LTZT,728
KWZSA,724
DCV2M,755
B5226,725
FLBS9,735
P31E5,745
8LVCL,830
C0WLP,760
KVWRK,630
DOLQ1,210
8BBX0,619
WZP3R,723
TS4TV,542
OOKN5,883
YK7FT,755
JNK11,571
OOCOF,714
W7HR1,725
5N7DP,793
5QW1X,785
AZ5JS,747
R2YKH,1348
D95PM,725
T0LOH,517
X8JVY,703
3O474,756
GHJ3Q,630
1MZJF,578
S3TZ1,1223
HYR9Q,683
PDA4B,658
QIQXR,1585
561H5,739
SDXZ8,1235
6QH7V,737
W9HYI,757
3XUPT,748
16V9S,622
VQN81,751
IAC2W,445
P76D1,711
8MR9I,611
6TV29,969
0I0FX,715
ZOK5T,256
0N8OZ,740
Y49WR,577
Y89SO,409
14HG1,729
XAOUP,764
94LXD,830
Z9IF5,709
785X2,1302
NODDU,714
YXI7M,1193
ZYJJF,737
AST4H,719
KXCSL,722
08AQS,777
1KDFH,769
7SNIO,825
54XD1,723
330R7,757
1IPYC,795
RJCNV,681
NYA5N,392
6JGXL,691
GN912,487
67DPO,160
XSBZ1,598
82990,397
EBBKQ,494
GA4DZ,796
JVISI,902
9K4HS,626
GDIW0,776
8EYST,769
1SCAZ,733
Y5CF6,738
DEQ73,1182
HY4FS,825
L1MR4,657
CSRZM,794
BSDSA,746
F6PKX,774
KRRBE,451
O7IDF,748
8VVHR,734
SE3WY,759
3OQ81,465
4ZDSO,397
Z6HSZ,730
L62J5,444
2IX2Z,644
20WZU,726
705RV,731
YFBA1,552
E6TED,731
F75LG,771
IF4Y9,768
2SQ8M,778
BLWIW,423
AFUBX,592
PC0M6,607
7L7P4,599
L2HI2,657
ENQUT,965
Y50QF,897
NIEUC,710
XEEDH,734
9LO9F,872
68K01,759
3CW6P,726
1ES35,380
X7GVM,759
XGS3K,531
W9XJX,613
I6H4R,733
5RPZA,672
DJR5H,728
A5XR5,788
D69VI,106
2O2LG,721
OVEXF,753
9RVZL,751
TETZ7,548
EDVAM,366
1UNXY,593
82XPD,578
Y4PAD,739
ZQ27G,146
L2LF6,823
YD9OX,626
VVTJJ,717
QO6RV,696
5NG6Q,735
NXC5X,746
SBG5F,767
ZY2B1,637
0JB3D,736
G3K6P,732
XRMVW,697
D6161,296
T87QE,857
MBYRJ,424
C0EJT,778
J1RLO,784
LTQS9,768
485G9,737
GZSTG,971
Z4Y04,739
RJPOO,727
PRVP0,723
MRZ44,393
S47DI,729
OH3R9,717
EG0IU,681
I164P,841
UGJSB,708
C7G1S,448
0D5I8,735
ZU00I,856
SXMII,767
8QWE4,699
FQS7O,589
9QYHQ,735
QHM66,777
XNYAH,814
HJJ32,755
JWPS5,737
ZUU2X,740
NT2HT,720
6CGRP,827
Y6R7T,707
2HEUO,891
ABU7B,748
SUI1X,662
3K2QE,735
B4F0T,809
GLLNH,746
BNEQL,1217
78LXZ,389
PJ2NN,722
81YF0,729
YPZQ2,633
LWP5F,734
PBV4T,208
ZLRFB,868
XLH1M,674
HA8MN,762
3MWAY,829
TOOYI,573
BZD0Q,743
NTW37,541
4VCHD,847
JFSJF,624
7E6AB,382
9F691,741
B8W55,735
IX64X,762
Y98NJ,62
RIUEI,776
85LEB,751
CDNV7,716
WC5QK,730
2URXS,793
0ZYII,793
KY2KA,875
BB25Z,725
OX5TB,1034
A6R12,744
7NXWU,598
ZOMM2,755
BD4P9,737
FORXE,363
HZSDD,613
O8T6G,810
8LAK1,682
X3LEM,744
86GSE,445
FZ6AD,706
M6HAF,274
42K3H,85
FXU6S,739
T35WB,748
J3LZI,835
0BWYH,569
PW3GG,570
8HHI3,657
6V20P,207
PRV4N,1073
9HTYB,669
TCJWE,737
OX3BI,439
TM0RL,718
QX89T,762
TW46G,723
IJ01G,778
WZO6V,750
4UR1F,73
50EBU,808
FV684,791
SMLI0,772
X1RBM,815
Q3HZI,739
SGU6F,727
94HKL,732
7RI1Y,793
7C9RP,664
ZHRPD,714
UJXBC,766
A4N6Z,720
F7TG5,507
UNXLF,802
BWHUX,352
FLEU2,735
QODUB,786
OPJG1,735
6C4DV,526
JUF24,891
HDHGT,726
CBW6S,554
IGVLE,760
MRSYL,635
8ZHLV,738
SFWBN,745
8GQJO,555
DUEEE,730
15TWQ,661
0DVVD,712
09W8V,716
TZEJS,699
IGT82,715
Y3KJW,674
0FM93,916
KDH19,492
32N81,541
W8ZTH,408
2FECZ,824
IRF8X,740
RXCQR,892
E8JEJ,531
Y3AQ4,737
IJPY2,729
J2DBI,622
9A5MP,786
LCEM0,751
BSFVT,807
9N44Y,419
NLM0B,794
OUH2U,456
3BH39,452
DYGB7,735
HMSM8,745
JIGAJ,794
LTA22,607
IN2RL,916
E16EO,724
OFCU3,746
X3952,638
AM13K,349
KI0Q7,827
4021D,748
S673O,815
EEGGA,723
978PS,669
8BSG7,748
3ZOI4,615
LKKQQ,565
16S3C,732
Q2KCQ,752
7HWK2,948
CXO6P,684
CJJ4Q,646
OLELC,384
UKLGU,875
3UWW0,711
H5RDP,793
BEJVY,360
5VINT,734
MAO8N,855
0RP6B,864
FPJ9D,803
R1X8P,496
DSP2U,792
KZ45F,742
PZJMP,711
G5ZOK,779
OM2NF,1056
Y2NAO,517
PHH49,475
NKOJ8,615
TC3BF,623
8MX1T,774
IC4D5,720
SM8Y0,522
DY5VP,510
STB0G,949
8DQ3V,764
PM1VD,3856
WPRJD,742
YEHFQ,737
L5842,757
D9YWY,1237
CSHUE,518
U6EKW,731
WIYE2,814
STG2D,353
KTOJX,716
MRKTD,587
O6V4U,741
JTZZW,753
LZTH6,307
5776I,400
PEIV4,1558
IA7X9,607
KKONU,798
X2IUY,429
TYKVA,829
DWBS3,738
K2L7F,747
2NXFV,733
RLQ9K,760
LLRKS,765
L1U23,651
CGPBZ,860
81NAT,606
P5ANU,681
S4UF8,762
KR0SH,733
L9ANI,758
78XZ9,764
HG8G1,885
4WMDU,767
4DZ33,832
M8OYC,812
EMH48,69
52CKM,812
WVY77,648
WTU0I,1405
0IJ8T,749
BRE3P,720
H5DQ6,741
C93UU,738
61IVZ,602
3JSX7,759
88ZZV,734
NHB5N,739
CUHT0,520
ZSREG,353
J59UP,741
EM0B6,707
5D85P,288
MXBFE,751
MUI01,863
CVH2Y,510
3J639,714
144JW,683
2KAWJ,816
HEZBG,816
5FSDB,673
JXF3M,831
62VEF,790
N6FZ7,437
T82IE,762
JUCOK,730
3WAWR,735
WSB7W,404
O3HAK,733
2FLXE,351
HXLVN,743
N9KNS,778
V1BX9,373
N2TPE,755
DRPO3,751
RPMXE,504
YMIKV,739
UKOAU,730
Q34XB,610
ROL2T,730
82YF1,688
I0588,737
1SJQX,731
WJFGC,860
A6NH2,2985
HKS9J,735
K6W5I,722
24B2K,1295
3FX0M,186
V8GK6,767
X42YA,799
J647I,752
I75CL,685
6YZQO,775
F3M1Q,386
3X52E,771
JJZ1X,795
54VBR,691
K5DIB,497
KZODG,753
3SIOT,726
EXPOA,850
T4HF9,527
VSLJG,592
W292V,511
0TKKR,1057
43OXO,590
3SKPS,758
JW313,656
UXEL9,855
QOJ09,720
MEYZ5,720
AZTTC,726
JUGS8,738
L8120,684
LJS9V,607
EDXBD,309
TM0BV,389
C1A2T,837
ETS92,749
JQ2SN,715
UIERL,669
68JOO,735
SVIXG,716
RKIC6,811
QIT2W,1038
HSH5R,743
QUAFE,718
PWR6D,745
JL8XT,784
FUT86,910
56JT8,551
RNCN8,706
UX9RI,738
PM107,778
U1LFT,675
Q24KP,738
796XH,832
EPP0O,759
FPJKR,520
NMRF0,751
CWBHH,836
IUGG8,941
82X3Z,742
YUEB9,711
U91SO,734
HBUJ2,217
8TNSB,604
G2UYF,399
XUUP0,630
XX3RB,734
UH0BN,819
GI61S,555
41GXC,738
WDY1G,648
NSHA7,753
GAO6V,703
SVO89,643
8N7NZ,752
61BEP,873
56XCX,741
CXF35,737
P36OC,168
FU5BL,774
FYDYO,699
W0624,702
BEUCN,649
9BCOH,537
AXIW1,899
P4UXI,1448
0RJKT,647
S3TR3,972
SC3ZS,746
VPJLN,729
Z5URX,1342
HWYTN,729
BMVXJ,620
ON6CG,729
FN0F8,928
LCZ8F,625
OSHMX,791
JP5NM,568
1TW98,705
0SXRS,755
L2502,811
7FQ5Q,731
UGMJZ,759
G1A2O,949
2RFLZ,354
X6JKA,586
HHCFO,816
MYGJA,513
9YRHF,565
A5PL0,902
C4E9X,607
UKSCV,821
XBRO4,734
4BZI6,720
7BX06,644
KYLJY,574
XU2N8,758
DEXMO,745
USNFB,714
4WYQ5,859
7JSAI,727
39TDM,763
R971Z,863
8YKGP,1014
08KKF,833
GHJCC,754
HZTB1,1551
UZIQS,714
BIB6C,295
UCT5X,618
PRA3Z,482
X9LP4,742
FS3SY,736
TFM98,264
UB1QP,751
CVPFH,811
QTOJX,834
IADJE,61
XKM5R,734
2NV6L,799
HOYUT,730
5FDHU,822
CMD0M,711
KG20W,753
AMT7R,723
C4SXE,232
WA7WD,756
P71W7,738
P2HRN,869
MJPET,648
BPN95,410
RHWU6,666
GIZCL,747
5XYPL,754
PZD7Z,665
M91YM,759
OK2TU,1200
9VBJ5,947
6U47G,832
P9R08,984
DOL47,652
YC9FL,733
51ZY5,556
JT537,638
83S5W,633
I5Q2Z,738
LDFM5,741
UMO9T,606
OJLFZ,807
0KEZF,735
W6210,741
0EGNU,1088
V24A5,730
9BCZU,798
AYZS4,1192
CIG76,774
B0JWB,739
QO4FV,710
P8G2P,727
R3O7U,915
X4CZH,838
JP1KG,744
PQX96,730
GF6UG,448
TJPFT,507
MI0UK,243
KFGEF,899
48XER,761
WK9HE,816
G9I7C,770
YB7MW,763
7LYA9,934
98W87,635
GBZAK,681
7NBPG,714
MLK57,631
HGK8M,728
1LARL,732
5R7VN,704
BI4KK,734
U0ACD,685
9SNMR,524
EZ7X3,760
SZKDA,952
ZSZS4,1018
Q3Z4V,751
XHYA2,743
H8XPL,142
CPDJD,789
34DKM,1204
NH3LX,1032
UXW88,624
XOIEY,713
FEKJQ,712
PROQY,665
IQ4GU,760
N00HR,751
OVD84,737
6AGSX,149
CQPZU,739
MZ9X7,746
GQR08,752
0UZ0Y,273
8AR3Q,400
MMRRV,638
Z9XLJ,591
0YTSJ,891
YH85Z,759
6PN8O,761
VXM6A,726
6JLD4,737
3IPI3,431
FB895,783
A4SR3,722
MIV2M,586
X8Y9X,682
F1C8I,727
QUGLP,786
XED6W,454
Q04US,748
2I871,755
3H0PT,419
AYF5C,743
EYABM,788
2RJF6,792
HVUH9,159
GUCB4,1155
VQP1L,556
EABOI,789
T5JY8,757
RGHT9,731
0DDYA,1021
RS2H9,767
5T9CK,843
YKD6U,876
OIZT9,733
3NOML,729
BZ5N5,806
R2AP7,1038
YSL3Z,718
7HSZJ,601
IRBPD,692
MY9UC,721
RP64Z,739
D740L,762
TAQ25,671
2H5YP,1418
CG7FL,447
7HV9Q,717
0GR11,743
SAO1A,324
2STCL,733
3DO95,770
XJLHC,768
IAEGA,431
DKV1Z,765
WJ6JM,680
PNCWY,487
12T13,735
HV20I,457
H4ZD8,531
PNIHG,341
KENG1,899
CBG3N,399
OFFQ4,600
J6WE2,872
FIAJM,791
R6CIX,730
GGAN0,547
LFPWI,756
SU8PN,657
XW1LX,688
BLIFO,730
AUYOZ,710
9PP4V,748
Q37OS,731
4FX6G,983
8TIC7,644
9AC1T,415
3XH1V,915
VA7IT,739
R6XU9,737
D444N,714
97U3W,186
5DFKT,743
LVGX3,747
IBRFM,409
VMI2D,849
3P055,1033
9HOV3,536
S2RIQ,287
SG99Q,732
LIQS5,769
0TIHC,743
97HAH,643
BRBWJ,530
1NVWD,713
UIPXF,753
U502L,851
QI3JB,1467
S1PWD,717
CM6T8,290
OHS4T,734
3TV9E,244
TJHFA,1274
1HYO4,794
WHJ70,639
ARESU,744
OW9LO,738
75ZOJ,750
2YXJO,621
687WB,959
8TDNF,817
0QES3,716
RON2M,732
QUPLC,275
AQ5M6,707
FNRYR,739
7835X,739
R77MC,801
3GNH7,372
SV7U3,780
69F8P,700
C4MP2,917
DL6HP,927
QDPR8,1222
5Y3VW,520
A0T30,665
EFI64,729
0HV07,708
XB2NM,575
E40Y8,1307
KB916,720
ST7MR,1163
LP47Z,678
MLWB5,740
ZJG67,895
WCLGY,720
TK00O,608
A0CZE,726
BKNO9,593
PPCWE,411
1RD2K,477
XQITP,771
S2L5Z,718
HOI6L,762
1KKYX,618
ZCPG6,343
8J5S4,670
2ZFG4,569
D1C8J,771
SWYUO,351
UR5TU,783
QZURX,738
2F7AQ,737
02SKC,773
BM9H4,477
QBOOH,641
3IS9Y,821
CV5YJ,811
TE421,767
RTULL,758
AQQQ5,729
P8ZU6,729
6SS4H,136
BHP7U,613
WDB4S,797
XAW3U,230
EKBW4,742
42PMR,932
CWPU8,1268
LPJWM,804
ZBBOO,521
MZZ8Q,727
KAKC6,884
FDYQZ,763
BLFEV,929
POXTH,596
VAXUU,505
PQ0DQ,735
XMJTG,756
NJCDX,735
32K2C,787
EF2YJ,862
7FOBX,906
7FCAW,753
XRI58,621
0WYBK,373
7P0JX,817
RBJ4E,571
STGCD,730
PY5M4,735
4FS34,620
TD1KD,658
QT6X8,935
T1NS2,873
O7N6K,529
03XSP,804
C1AEV,714
9GQRI,1019
10INO,2094
8YNSB,717
UWEWX,731
IBIWF,740
I16D7,233
RK4U5,706
HN362,710
SL9ZD,730
SFDTP,733
4A81E,888
JEDTE,947
FNBYE,920
ZKOCS,721
6ZJAL,802
INA5N,794
1K0SU,751
5YA6D,750
DA7E9,767
X29NF,1028
02CYP,764
2Z59F,610
B47TS,524
J5FLP,699
R2RBJ,706
HFMUK,808
JOYAJ,481
5A9O4,715
FOA8D,538
WHVP2,734
1T3B4,859
VPI6D,731
0CYBW,608
HL4V4,795
DOYQE,854
ZFZEN,1060
5EDX4,758
06NUT,693
Q166J,735
OC6YU,880
H0FI9,807
N5Z8Z,558
7WG7A,743
IBYHY,467
4YVE0,653
KZK6W,852
DEZJ5,590
Z9W47,554
RRHEV,780
I6TPS,735
GS3M4,627
CMFMH,762
SBM3M,480
9335E,1137
5DPC8,860
TNEEH,683
SW64W,734
DOUFF,418
USXHZ,727
G0BKH,855
UMUBT,813
Q5Y02,767
R1OUC,968
XVI3M,616
3ZHEX,600
XXCS6,756
TEV5K,735
4I00F,675
ZWPS3,725
G5EAN,752
EV4HN,727
OGK5Y,1060
ISHJ4,1420
FKGY7,297
MVO1W,330
EFSIN,738
F9K8L,736
BP94L,552
C4KQS,722
K1ADF,750
PON7X,594
GWLAI,222
J06RS,798
UPWTC,808
FYJHS,740
DUAOJ,746
UJXLL,710
7HZHM,752
A53A6,697
ALXUC,374
2JOTF,539
GLSU2,747
CVDZM,635
DPKMU,746
6KGZA,614
DG179,737
5KOTU,918
PAXNL,664
KZPBC,948
WJ1E7,777
GGN5G,727
GX4B1,672
IX12S,752
2FH2V,329
279W6,755
N4Q0O,729
KXAIZ,1036
8U5TE,408
29UVO,718
3LM6H,708
VNQJ0,755
BMLFA,731
T4NAU,863
6IIV9,814
J5CAN,345
7KAVM,735
0IKE9,833
DJVZQ,852
BB5DY,866
3QVSC,767
TSYR3,642
OKXIQ,764
UMT5R,714
Y6BVF,779
ZDK40,728
PM9HG,822
VCV6A,751
EAYK6,735
14JPP,762
937EW,762
RJ8WY,567
FY9UT,395
DB3Y6,735
0RROG,658
MOQIU,688
X2Q00,867
W98IU,727
Q0OEU,407
ARN8U,589
6EU06,737
I0HIX,621
GK15U,764
F8JAV,610
WLKEF,450
5S2ZU,899
16OAM,579
M2F66,1161
J5K87,845
H5RBY,871
EHT0A,587
ZZ3HT,843
JXNEN,619
KHAH3,745
HCM5Y,469
TTZVW,725
7L18C,739
69GFN,794
E6O95,268
BIZ2R,733
OIRPJ,753
L0NFK,769
ZWDVG,488
GT07A,800
DWEHS,883
OD38J,630
75GKF,1131
Y4U6T,346
70FXC,805
XSVLL,765
V4YCA,531
8O07M,727
1Y09V,740
FWQYI,936
IIJ5I,679
9REZ6,689
80FWF,533
WAOE7,570
GBMNT,774
JAAVR,952
I7U0W,730
SOR8E,665
CVTII,773
HXUAH,568
CTFYL,817
9PXC0,727
SBBJG,731
V6M35,886
EW6K9,899
AZ7YC,75
ZWVNF,759
BW2OT,742
ZIP5P,726
RG0JH,416
BR8B3,739
F5UVQ,895
LNEAG,579
RXF2Q,825
6LR93,715
8TRIW,786
SR8IK,735
0OSJY,670
S2XJW,816
IG1YT,725
YBP5F,653
AXM6J,796
T9DF0,715
KWONB,711
R3S1V,726
HB9LP,715
0VQQL,711
SCCZG,736
HKY1M,569
QXCUP,928
21O5C,731
DJVKE,763
7FNZZ,715
1FA5M,744
RSFBP,720
CXSYS,562
CYCEV,740
0YXN6,754
0TM53,287
D9F5V,722
EMWAP,267
250SN,480
3QGLU,805
GP5CT,730
IFO3G,970
TA8G7,403
RSRZ0,771
WM336,671
SYUNE,449
QTRIN,738
9IST8,755
MTA02,591
EHTB6,985
38QA4,712
83J53,721
B5UXP,1273
F86M9,736
T1KK1,763
1JGLR,674
2PMYI,778
WOOYQ,763
VG9II,777
ATI0Z,778
QUE13,157
Z1VB4,1129
VAPVR,765
NQT1S,726
VP6ID,912
GO761,434
DQTAY,666
FN71T,765
RUKXT,391
ACAK4,713
IDXZK,850
N0KQ7,622
K1UTX,739
813XE,323
JT6DX,778
5XKVP,313
Z4P5B,755
CWV2Y,746
RHCFX,799
FL4NG,709
0LDP7,648
1E7VU,748
61FWZ,737
HA1XJ,427
EYV38,573
PB0TU,570
HORZO,214
3AEF5,713
3LMTS,728
1333C,718
Q2Z3E,719
5O31N,975
7WJUW,829
DMO76,531
QJK25,1303
47532,705
A8SG6,544
VUXLB,739
FI2TP,759
9FVR3,650
72M7T,415
QCPXJ,815
D8QFD,731
65IQ0,872
M9NAG,803
GK08Z,596
A7WU3,743
EHAS4,1369
I7GZI,772
FTH7M,744
FJM2Y,728
P76PG,879
3ZUVI,739
5D3X6,414
U4W3C,683
DF6FY,745
M4Z0M,813
5HGHH,768
IIFVE,622
40NIM,741
SHZ84,746
9UPC6,805
HHEIV,749
0JXN3,744
0NJ26,730
7K9XM,3104
L3Z0M,365
E5O0F,956
QZZ0T,722
F1MWB,888
V58VE,758
618HP,710
YZI2P,714
D6DC1,703
G4853,715
DFD3T,783
CO4AU,292
YNF6O,394
2XT4N,469
Y132T,641
MZ3X9,755
OXC4X,898
ATUOW,855
KI34A,582
18CTK,646
K8RW9,527
QZCSM,289
2FPB3,778
9RZ97,851
Q07NE,736
Y2QUJ,134
132HR,129
SLIH4,430
BNSQN,660
0MIE5,648
VNOB8,867
H8BTR,717
BUL4V,727
IA2O6,703
WFWTU,536
67PZ0,772
651VO,735
A42FN,744
JCGWC,582
U4NWI,719
DRIWX,906
ZJNXZ,1128
V6RRM,362
B2EZB,776
IOGR7,730
N0DXI,614
LI5VF,735
LWJGN,177
MC34P,725
MERBU,755
BPZE3,844
E67EF,495
G54NU,793
SAK7K,706
5ZHUE,775
6AHBW,715
WY433,605
F8SNW,1303
6FUDS,781
GZMJK,768
SKYIS,171
NHLQ1,748
N9D4C,459
K0C0A,898
M3KS7,625
N56QO,230
WGM7C,647
3YGOV,536
CDT32,759
1IIS5,735
D8K7T,104
LLQBB,774
J39ZC,845
13TNX,748
8ZF5S,783
0HD0T,703
RVWK8,753
511AM,665
87T5P,739
TD6CM,758
M847G,398
XOWBN,742
JV524,204
MFWQ7,703
CC0PK,402
2DTZ3,383
DIEEO,735
0W39H,762
KERO6,963
A81AV,723
F1VEE,786
TVCQF,588
C3ZJU,710
ZKSR1,159
WOVOX,1360
KFGXC,752
BQKW5,782
JCLES,734
XJFMW,748
U6GKR,589
M5XBZ,747
82XWA,579
O95PG,754
RR7AR,922
OPSC0,737
BZ0YN,730
490S2,697
6E6GF,1137
YHPLU,783
T2S3Z,726
5G9SV,330
W7CR5,741
YPIKO,856
7FTBS,1213
TCJCJ,739
RS9D9,918
YOCI8,193
QI0EL,746
51801,789
1LBUG,756
VX1GX,1172
7L3DI,657
RYHHP,1013
XFT37,553
HJOJ0,727
JSBMM,746
LGJAR,775
CD11G,431
DP7KP,785
8NJD2,615
AXKNP,696
MKDCU,899
8VSV6,377
15CQ9,781
11DD3,741
ILF19,762
5GITI,771
BLW4G,590
3UXL9,783
AMQ2W,596
998SY,805
5W1Z7,180
0E6H9,735
I20N2,789
TC749,895
NFA8R,727
79WPY,765
9T0AC,790
FQS5V,619
E0AEN,1088
0NVG2,725
G4MDY,611
V2MHO,727
Q24OC,707
T0WKT,741
YYKZ9,825
KLO0K,764
ZQAMW,795
7D6RR,927
VEIIK,492
N93NK,749
NL1WG,745
MVTAL,972
EFUTW,411
TGKHG,919
XPXWY,795
UWPIZ,743
T7N6A,861
GNMBV,564
EGNZB,641
8JT6S,709
NVBBD,749
Z0O2V,774
VTIUW,534
5OLVC,777
K7PVL,744
G3K2N,729
G6LYD,737
0UPBN,804
9O0HH,874
K3193,735
GT43R,817
HSEH1,751
9RLQK,737
JHB0M,487
0V4B3,782
NWGVT,737
VIN5T,480
B17UQ,757
5KGCY,499
A80GG,786
WX711,739
CF1OQ,745
ZVMAY,1004
GN0M8,596
YE991,650
I5PU9,770
VT624,744
AI6KJ,450
PZS0C,749
VF3Y0,228
K1QIV,736
KMWCM,1181
GXIWH,827
JSD0F,689
95MOF,206
0PVKV,780
TLCLG,764
I5MMK,686
2RU6J,587
X4YHQ,1387
Q3BCC,1012
BHXEI,757
150E6,376
4WVTC,517
5GPOJ,606
TQ9GQ,930
37GL4,617
T7HZB,614
JYC6G,759
Z0DO7,712
K247M,827
A7BUX,783
8V8HC,817
APLZS,695
ZKC7M,855
KNX2Y,481
869NM,554
GVX7E,968
QRWQ3,858
KOHWO,737
0ZOPH,802
E7GV1,760
AWW55,800
JL3VT,466
TC015,735
EDKXT,329
0DJ6R,405
FYHTC,684
5LFGO,881
J0JD1,638
9ONDD,766
3PTQK,595
73NG4,770
FGP46,968
F64IO,249
KB7WQ,912
HI4NV,722
WT7GN,755
QRLOG,783
6S7M9,466
AYMCZ,708
2G6A8,626
ELFEW,717
XT9D4,803
08LOY,674
XJH5D,728
JTM7L,725
Q1K00,740
HYD3N,742
YXC7P,240
VJ3B5,589
JR6VG,538
K7Z6T,639
YOOHJ,752
A2XH1,777
X4DG4,260
P36YW,654
JSLW5,436
11TTU,672
3RSJV,805
AZPOX,785
MBAA5,615
874F1,784
Y4MW3,900
6QW3Y,602
OXCLE,896
OI7GQ,759
LLLXJ,665
LLOGB,727
8UQVB,829
QRM8K,766
TCM46,553
PWC0F,635
IDXM0,880
6BI70,754
L0CK7,752
MQGVS,773
05124,734
LZ07A,762
3D0WV,729
RTEWJ,366
N9VOV,719
U7RVS,565
3CFFJ,802
38HNU,741
SF6NU,527
FTIPX,723
QRSP8,688
U36AB,780
FIZXP,506
H8UJ3,1263
ENA3F,650
KV287,739
41F2M,758
7B50N,730
EI0F6,803
GFPDD,731
UUX4G,743
E33IO,449
7Y4K6,717
Y2PNC,752
2MTYU,637
PAW5E,418
170OQ,721
UEP20,735
HLUMT,722
C0CMQ,461
1Q4P9,504
HDDU0,846
5MDL5,764
I9TIU,837
L5TI4,733
FAZXS,715
PDRVY,642
OVH9Y,771
Y80PJ,732
DSRSB,731
VHD24,707
0JA9E,630
LG73V,803
DJMZC,536
PIJCA,737
Y44TV,564
CZPU9,851
0LNLR,712
ME4YL,571
HSPTH,103
SCFIN,828
D4D2T,569
16CWY,758
Z6U1X,766
7TNNG,831
U9NI5,519
1E1EN,756
RO9RP,701
4KWJ4,738
83JOK,715
CNX6I,443
NFIQM,740
1IYEW,738
6NWDR,781
QN1WE,723
O45BC,574
EO6OI,1086
57RY4,855
QEZX9,748
NC1OC,1149
FWUV8,886
ZRITA,576
VU760,810
RF00I,2446
6VF2L,831
56LMQ,724
55NNF,739
E89O3,731
JBHOL,495
WCY52,857
57WXL,806
NZ6PU,687
1NNFV,738
GDS6Q,518
XYGU1,751
QXEWB,332
YW5QQ,767
4Q3KR,786
TCI7K,740
DWHPO,731
8RU1Q,689
6RPUS,733
RQVJK,735
SODJP,674
SFHY2,614
XQDQ4,743
2ZDFA,791
YXQWH,727
S591U,720
AK2KG,434
3CA1X,755
E0IME,805
U0P7W,766
RF4OI,639
1XFDY,752
K5NFS,759
VJG6E,415
QCIV0,525
V3RAX,672
QD1U7,835
RTIP8,728
B8PQL,592
RXED2,751
622EX,727
8KM5Q,708
LVLVR,786
2ODLD,518
ZHDUR,813
YYMLT,749
TVJ0L,635
JCT0K,717
J53NS,687
5TYXL,735
63XVB,819
EXW9K,777
64SL1,616
0QHR4,378
CLU7Z,636
C6LDA,739
TQMTC,104
F2KKH,746
1TWH6,723
4BEZX,1040
YV0ZX,918
G2NY6,369
AEAE2,764
HIC67,603
CII5H,584
P73KX,882
7CXYB,1043
TCGAY,755
5FHH2,596
72R6A,1222
N8913,764
GHJPQ,727
SPDF6,721
ZYRB9,721
P3RRJ,735
TJBGM,731
VNUPE,734
S2S7I,808
DZ2J6,720
J5TTU,792
LDBGB,621
2FC4V,828
SZVCR,724
NLU6W,741
4UYGY,720
08Y62,720
94ICP,605
7ZK3Y,727
MC6J7,794
IU5TH,441
O0R1A,741
8FH2F,719
Q8QGT,600
SPJIE,648
X2LBW,1635
ZSL58,744
3AKML,959
QGLQ0,735
TS2TD,811
NCJ1X,724
HQ8ZM,510
B4TWR,742
QZPO6,648
FRSBQ,768
ECMQU,715
FOP0L,425
4ISIX,796
58Z9R,736
21E40,743
08EPO,447
CBLSW,1065
KU2T0,731
I7DGO,740
80E3X,729
X3ASU,785
DQDJW,756
KGMA5,499
9GKCA,730
ATCOR,727
QNUIU,726
O87OF,766
P64DQ,158
O2VP8,647
C1F1D,700
NR9L2,743
FIY0S,738
OCYT9,736
2X2C5,514
PLGZM,737
9SOKF,819
D2ORL,961
DML20,664
G40U3,802
V4CCY,304
3OUXT,1205
DH4UX,264
ZSHWE,739
OAL0G,738
1GQAJ,803
0I1S5,730
6703W,1028
K5CRM,423
FYU0D,778
K21RO,717
T96JC,707
1T8RK,759
UQW95,526
YX0RG,755
13IOT,760
UCNVW,744
313G8,814
Y8XYL,733
MUAR4,720
VMOBC,785
OHLSE,735
KQ6XW,943
KGU21,765
L67UB,715
YOVS5,553
2AIP4,1072
60XA3,718
P6JGZ,276
MOA3N,727
AKNRA,694
AVBDD,544
LITXP,150
CR2IM,747
PXY5Q,775
10ND1,814
MA15X,1702
TFVSF,613
PRHR7,638
2M9YL,813
AXFJP,699
S1LQF,891
BVGMT,749
VSZ4W,523
DKEB0,784
BFW9A,691
PG32H,1254
Y063A,726
AZMVM,746
VWN13,318
ZRG93,177
ADK5J,571
MUE2B,751
JZ46A,711
3ONCH,588
320ZB,713
BART9,788
DC4XY,841
SJQVM,670
7M1D0,679
DINJ4,719
PK2F0,580
JJ47B,669
6XB10,859
AVJFE,770
BOH8J,1129
H1J16,665
5AE54,741
4NRPM,732
JLGLU,721
W6GTP,756
F56YP,374
J0SZG,727
AXS82,719
Q7G9N,405
7VZ5M,743
QS6O1,585
7UGF7,1163
IET7H,546
ANA5N,704
EG0VZ,645
JO6GB,1021
ZP8AL,743
X37P1,741
FET0V,867
GM3UK,554
DB4WX,714
YQT32,638
293PC,607
X9ULK,729
WF7TY,473
2YK65,829
9J166,528
5H1P1,741
4FXUI,1063
YX0YS,744
Y5ZU3,735
MLS4T,609
GIKHC,614
B2NAS,662
TPJJJ,721
0CESB,740
WPFKR,706
FRX6I,375
GMMVC,429
1AI3U,1239
4CSXJ,570
AWITI,742
SQBEE,858
BCQWJ,597
DLQIT,919
WJNJJ,659
27IOX,770
U8M2P,786
QERDA,745
999BP,783
M23X2,529
03PRW,835
Z1ZUI,405
TYHA8,742
V0WK7,744
EZ3CG,1438
ZI3BR,739
KO80I,769
XZ2WT,741
AHLVF,811
MRTH4,221
E8C24,580
1PB6T,623
PN7N9,722
O4Q1L,324
LLT3E,632
41T8C,511
TQGPM,742
GAC1W,251
I2QTB,707
ML12Q,735
VQOI3,427
HKBKA,723
F1LTO,698
KGO3W,733
R28EY,737
ZHLLU,600
YXPTI,665
SX0HE,254
F8PNY,727
ATV2F,734
BRQBD,787
HPFF1,737
EQO9N,743
WZY7C,355
Q01UB,791
XXYWL,208
SFH7G,960
VAV4C,1129
P87UK,548
VML1Z,705
KE5EM,298
7614L,619
INT61,731
F9VSQ,845
K6DF2,748
WJEVU,1417
QB8O7,868
MQXAJ,158
XPE7J,858
KF08J,709
FM5D5,807
WYHPH,379
3G3PH,719
GIIMN,753
3VM0R,735
9JIHR,598
BKXN4,753
EFADI,475
EXG45,732
6B8PQ,945
Q9TIN,729
QXT9W,1567
V9JJL,393
B1FY9,741
D0V0Y,815
NU0UK,724
YBO6N,759
TNDT2,506
T0V4O,773
9KYMU,657
YORQM,577
MNNDB,590
73ZXZ,409
9GA3H,743
5MSZP,750
G3OUM,769
OLSMC,204
ZSHV8,865
UOZES,875
DZ9UB,740
JHU46,607
R5MFX,643
YDLBN,804
KMZHU,526
K6KNC,157
HXR3Z,803
PZQ5A,586
L29HE,402
SPDLO,988
COBEK,732
PIJRH,734
MUQBW,739
68OG0,713
RYQI0,743
URG8B,720
YB67Z,577
1221S,915
H7DI3,506
U3OJV,665
2WH4F,733
P7TT1,733
QWTGQ,725
QNKDI,774
UL7YC,731
LJ3AI,742
SCOML,631
FB3ZG,469
S1QOX,741
OB660,347
9NES7,683
I7HPL,732
C6N6Y,406
61N26,1018
QMWTF,752
KKCB9,587
AQXBN,715
DG1A5,730
NH9JS,703
1Q4SL,742
MOKPE,868
SGUK6,642
O1J7D,759
PWW6X,267
Q3QC8,720
93REJ,739
SXFG6,568
2B8ML,711
XMF8Y,666
3C36H,782
WOWVL,714
UIPJB,554
NBKCK,195
M0AS3,723
3VEJY,397
7SQXM,742
5Q8C7,724
YVOVB,656
1FGXJ,707
7BAUC,172
QYSER,747
A3AV0,683
ZXHLY,759
Y1KKI,284
55FRY,771
HOIKF,739
S2KYK,419
DD5SD,605
52D5Q,747
F19VE,807
UPJWV,825
9WGMG,535
B2GXG,849
M6XX6,767
M6LFI,337
PVVQS,735
C7R3J,309
UKMK6,1327
4WUNC,904
10J88,485
CN5G4,1055
YNCFL,727
UFQK1,648
KNGUT,731
IM2WK,728
O9DOT,719
5LJ3J,612
JXS3A,727
CJP4R,355
M1SRW,739
NV4FC,747
DFSHF,731
HWLBL,729
6IL0C,939
KOF86,940
FQBHO,618
8Z02S,719
YPTHX,887
OU3HS,935
ORD96,730
ZS2WD,417
I5OPP,602
OI3BC,714
BJ7YW,327
4FTT5,3050
5MRPU,909
LC1NU,920
YINV4,379
N59H5,515
61RMD,744
B7LO8,437
T5MLJ,804
S5YJG,769
MVX03,802
CBVUS,788
F9RY4,735
M43KR,742
ZGUTC,900
HTCKH,436
I5MCA,745
UWRQV,733
THS0O,831
IMLN5,711
HPKU5,754
OQM2I,756
2LTCY,724
2SYBS,784
V4H5D,719
CP07P,743
EO6XX,700
1NYKM,835
KOQGE,737
WN38A,515
I562C,844
K8OB6,760
E7FGK,739
ETQYM,960
QS0AZ,655
O495M,719
K2BY7,769
KTDXB,670
LM4GS,1107
XU2MV,1079
SPG5Q,803
M8PXK,723
RGHXS,697
T7TV9,679
PVCFQ,912
QF1Y0,742
RHYAJ,696
QZ94G,649
VEV4O,711
G4WCE,801
YLGF5,413
YGQ7E,517
EB4V9,507
LD011,853
573OJ,741
BXL9D,1059
V3SOF,1065
EASCD,996
MCQO5,759
081WM,728
9EP7R,752
CRJGZ,735
186EF,401
CJ58B,733
QNPDC,1030
80ADD,725
EGY7O,994
115MY,397
YDSYL,892
3UZ88,729
92QGQ,719
LG7WK,404
YQSN8,744
C3JAS,1264
TRVEA,766
2P6ZP,756
V45U8,764
WO0OM,756
8LWV7,722
RSG1C,867
TKAFY,914
OOEME,743
4DAGZ,1262
A6CF6,537
RUMS5,877
0RNG6,504
1RNK6,445
I80TD,744
TA23R,643
J18JX,641
UPL9S,3087
VE5DN,783
RUG1J,525
LH4VT,766
7DEBA,243
1LKPL,807
I9SSV,879
18IDK,686
W7EDM,493
0KER3,665
1ZEJJ,515
G4O9P,586
TVTV7,674
4FAWP,744
55NRK,731
BLB6G,752
UBYBQ,736
1ZAN8,744
Y5826,805
DIDRB,727
RXIAX,633
6KXR1,274
0LD2V,498
VN8SW,780
81R72,779
E1VFZ,318
DO48Z,749
BOXK1,746
5U1IT,225
KMZDA,790
C4QKE,749
H032R,535
77HDM,415
001YG,736
MTMDN,818
2IC8O,761
OXPD4,771
4UW2K,736
C1LJS,755
CYM3V,735
AHL6X,795
Y25DQ,759
X0FW6,303
31LW5,219
FQ2Q3,372
6MCD9,528
5XLBY,741
LZUAY,661
TAGS2,590
5FCAU,664
0JJIY,525
N2DZN,783
O5TU5,982
24KQ5,653
DIM24,742
NEM29,779
OJFYD,463
S29H6,719
22ROE,1099
9TPP3,731
ZXHCH,604
0Y19Q,1301
1B9DK,777
1SVJS,190
XPTXP,740
X1XOL,760
3DFOQ,735
IKK13,781
1WEDJ,810
L80CV,838
E3UFX,298
R5L98,720
XFS7Z,1167
NLWBW,1034
RUOOY,731
2OJY8,742
NQMMJ,810
154TJ,284
SM41Q,457
T5E2T,1167
JG7BS,736
X084M,841
97LN9,738
NPNB3,751
C7P86,743
CUQYX,735
9VZOY,740
8PSXZ,777
IGH70,622
VU7P7,417
MLKK5,596
6R7QW,861
IV1U5,937
A6UKL,611
XUYCA,731
YJV3E,231
S46UA,123
OT35M,332
4ZMEW,722
F5TL0,751
S1N2U,794
OQSPB,793
HOGVD,604
2OREK,726
IB987,746
T3FJH,743
VUOQF,763
KZSA9,714
OQ54Y,811
ECGY1,502
SSVYY,726
243Y9,771
OO4FE,718
LCLLN,819
TCCQL,736
1HDAC,772
D8YOL,704
KELYK,517
EF7Q9,682
I3ZG0,362
Q9Q9L,755
MSACP,720
1E1VE,460
19SJ6,751
0MK2C,218
LRTNA,820
N1RJW,1593
5VJ1X,698
AGELP,700
8PRDP,710
9V66G,849
Z2MY2,633
3AVAH,267
WP5RH,798
JH47V,888
PV745,1758
4RT06,747
B82GJ,587
SSUZA,570
QRHJJ,758
MSW4E,690
BAGJW,745
YM5CV,571
0G2SC,739
REH2U,1044
VAAXH,748
V31YX,754
JZ9L4,761
1YH1Y,496
QCAUL,630
PC3WT,857
6APUA,738
TBXFO,1359
XHB9U,841
47RAA,1008
ZYVTC,938
2MDHE,744
TZF0X,510
RMKOC,787
MD6P2,762
W5GEK,745
GFFJM,753
F3A3T,755
KCRQU,735
SLHDI,927
O441U,645
DH9JU,714
RMNL1,550
3KZF7,699
8HLKN,744
1AA6Z,485
OQSXX,685
MXATD,427
D5IDA,907
JVH7Q,699
SE2K2,792
BGX4T,563
1DW7H,748
ZPUVC,753
FZVQN,522
P0NLV,628
06II2,765
4H61U,731
HQ8K2,393
ZWY3E,781
I4ON2,210
WD12X,755
4RBVB,860
XTACZ,719
A2JV3,731
GYB9U,749
RK9II,807
87ZOX,711
QOYH2,741
DPBID,723
8AZRX,784
UPYPG,732
8DSGI,753
318CP,778
QEXP4,600
WDCGH,735
4878H,541
E8468,735
45Z2A,224
2R13Z,735
VKTYD,736
8XL11,148
V25IB,735
VOWY1,587
B6487,839
8CQ9Y,726
QBQR3,552
EW6RX,725
YT2C3,731
FC7C1,769
L37YS,753
8IBNY,1215
7DZY6,747
ASNER,579
I3N3J,727
6QSON,737
AXJUB,891
RIEG6,749
UDRZ6,746
AX4EW,401
SUJWY,782
GOK03,944
1M89F,532
UILMZ,694
XPZZL,771
WQWT0,869
L8RW8,727
5HJ2H,767
EBCTL,502
GZZVT,742
HT9YB,1250
OSVF7,785
J10KY,779
TCV1W,720
3X6SI,434
8HII5,733
DP7DG,719
5W0OC,738
DINAV,703
KS29V,1442
GCTH8,723
MJX48,727
4EBCO,694
V4BBC,280
UCOGP,744
Q57HC,1002
L52DA,654
01THT,736
OADOE,588
024PD,1418
DPB7X,223
07QNG,1322
7O2LP,738
K9KDK,750
827O1,652
92Q8F,683
ZHZST,292
6VT4U,855
OXEMQ,708
LUYWY,733
8MQH6,795
PSPMA,751
99DTF,381
7K7Z6,747
Y1HOV,599
8BMZQ,671
YGL6R,779
CAND1,914
884C0,730
91VUF,712
5EFZ1,389
1L7XE,254
YVOM4,674
L071S,593
0KZYF,738
CJ0U1,705
TR652,711
4ZN66,788
EBJN1,832
THORO,739
AXKNF,765
2ZINN,726
6FASX,795
WWVFH,767
WNKL6,655
PRTAJ,1005
Y4P3C,968
8Y7P5,691
7BL9D,746
ORAT0,736
M5S4U,753
FH9AB,836
HIJBX,747
OBO40,411
5XAMJ,773
TZ9FE,732
A0RW3,756
STAFD,1498
M5XFI,894
SOTQ1,757
H4IT6,210
6YGBD,731
7YUJR,688
U3NKR,1152
646CU,691
ABK63,723
WKHB3,795
T06AT,742
N93LD,653
FZJTT,832
WD6WB,446
INQNU,444
LSCMZ,444
41EQS,766
ZM61T,713
22FJU,737
BGQIF,1076
1BPX5,793
0HR01,726
UN86L,764
EHYXP,478
G2VOP,610
0OMFD,770
HITEM,842
9POJB,754
HEOJM,756
7XKUI,402
9R4AQ,683
119X3,834
LWB5E,1207
LYDEA,610
Q5EPP,931
8N939,725
WXMTI,786
UPZJ5,734
914NC,368
47D1Y,790
Q0IHP,842
V2BCZ,659
FL6DF,556
JMTI2,743
UZIER,831
13IS9,650
0ZUMU,739
BLLCM,769
EHIOY,834
4DY90,709
SSX6D,758
3LLDC,174
E9FY2,739
0DY8C,690
W86JJ,739
F0PNU,440
G3A0B,567
Z88CI,412
FPU57,803
AOAY0,527
JUI9U,746
4SF59,579
FGBXJ,720
1X7OW,355
CCTIO,455
2J4MA,714
5MYL4,732
100U3,752
OR3G4,556
57QKQ,720
3MSZA,744
GL38X,756
MF09L,1233
1CITG,740
X7M2C,737
0UBYY,793
YSABV,566
W5RC5,468
LI5MN,999
SLMQF,802
VYD9P,732
Q5ZIL,782
CPG4Y,298
ENCXV,775
2074D,545
IM3I0,755
7XMBM,733
CIBGY,726
DIR8Q,665
T832F,322
9207X,502
RBCU4,890
P8UT3,658
GANC6,658
VIDIE,667
QEFFJ,778
IALUY,714
BTR60,1671
UCFCB,765
BRS5P,268
A75XI,763
ENOLD,390
3KDI5,831
VVP85,744
FP7N3,693
SMS5G,749
AGWQA,769
LE7PM,1144
4LDRK,786
LX54K,767
3H09L,693
2OWA8,682
JDG40,832
URK3G,746
WD35N,728
FZ0LU,714
O7NI6,543
N1EDG,714
1ZBM9,669
8C8FI,684
0PCAF,784
0F1VF,714
VJ0LT,766
3HRNV,375
DYYLD,711
RZ9SZ,756
I329H,889
8S9AF,735
FSWT4,961
GJNI4,727
7FVMQ,742
5C837,800
9MXDX,722
Y7MSY,545
VSFCR,910
FAO7J,1085
O5V8D,431
NBMH9,905
5Q0CX,841
MBL7E,669
ARCUY,1053
TDGNE,670
8SXHK,713
GPR89,1417
Y3M3W,845
H7WMW,726
D6D85,727
HYEY7,1031
OSENM,795
GEAB1,763
AJZYE,1291
G2AMK,656
MUK89,738
STYTN,648
OSUXM,629
DOQ9Y,992
HQ8BB,387
FJYZH,426
TBEV0,727
CUCBN,502
NO443,712
S7PLQ,768
YK5A4,515
G6MYM,735
MU6UQ,726
PLXUA,741
PSSJ8,714
O8BH6,731
6MUM6,714
306S9,751
WENGZ,753
LQK90,733
STDCJ,734
GYFM4,811
2P7A9,867
0L0KS,754
KZR42,742
APVAD,723
RG0KS,620
759UE,693
CM9GX,753
6BUU6,742
6AQVX,740
J3SQC,646
FLDHS,699
DICXG,744
BU2R4,733
FV51S,734
LEG82,717
WF7P3,385
CPRBC,722
0N4KN,785
TS75H,723
4JWAH,737
15RTV,813
XBB9P,519
SS3IL,515
YBVVZ,844
4G3ZF,792
CX5ZM,657
QO7SM,756
KPNJ5,683
EJFUA,758
LHU7D,630
HE8TC,735
X0CVU,823
F3O37,738
Y9JWG,737
XDT45,804
A2DDA,725
DFJ3N,711
CD9GP,749
Q9BRQ,752
9MOQ7,772
CK5SW,553
NHXI3,759
DVTAR,511
ZC59Y,817
FXC28,812
Q5BXH,1137
RKGG5,489
EWY6I,575
8BA61,817
HQZ29,757
3588V,441
6Z9ZC,744
CEZ4D,815
0R0DJ,628
G8E71,945
2L7MW,751
ERGN3,729
XWBF1,1691
RHVM2,720
Z5JZD,653
YXP9P,809
PIRMO,540
WYM1M,730
8N4O9,539
LR4XI,639
VTICD,741
Z1Q3E,210
6PESI,743
0AGCS,657
I5KUM,400
IYVVM,734
LK13H,742
ELATN,727
6AHD0,723
F207R,976
RQRRD,1117
FT3D7,273
PAA7V,755
YF6FL,725
5B4HF,646
LJ2OE,737
DZUR7,933
808H5,739
JVXMI,463
0WU7S,786
B53VP,760
VS5IY,752
DPBI3,708
RXELU,358
A2EY4,758
GIZ95,737
NXSMH,760
HAIVQ,750
2Z2CS,734
WRXI4,752
I1CS8,719
V6IIE,724
PF7HH,729
3K6HO,595
TWZA4,659
YIV35,739
8B4ZP,1162
BQ6UI,793
N8SO1,694
ZX1R7,621
7NW4V,752
4VJDU,738
G4E4S,1457
U1DTW,786
YOCRB,832
CEQM1,645
GS711,493
MFGLZ,880
EO9UA,769
IJZI1,403
MPHFU,727
UU2LH,583
Z6HEA,743
73X8Q,728
93EOJ,403
G70CT,735
APVVG,897
VNQES,942
970NN,719
6SY23,648
R0M34,1012
5CZRC,767
MGDO2,670
X7J7H,439
CN480,180
IGOQK,784
NUW9G,740
H047B,739
TNG97,721
OTT89,760
LOH86,696
WEJRX,521
QDRWK,709
FQWTE,620
GC9I8,533
SSP8C,724
9SJZ9,729
ALJ7B,731
H9U38,725
RYK18,759
DG5TX,723
0WGTG,747
CIWWB,723
CIGGJ,741
LH6LE,711
2GRGY,863
G93A5,745
CYLQ0,733
977PN,467
HUU4X,784
8M1TG,736
J88MJ,736
SP1QS,616
U9KYC,751
PXKFK,855
K85A7,775
GP49W,850
8VRJP,365
R5O64,663
ZMY8M,734
327L5,1103
KKGLB,636
BPH56,956
TK76G,375
KP88I,747
29T54,676
2O5NR,433
HY45L,760
O8FBU,787
AVSN8,739
4D5XD,735
LSFJG,592
ICQUJ,499
BB8Q0,689
R00L7,726
O1XYF,737
52MV9,1696
FBHBP,539
9JHH9,689
02SK4,685
WFVD3,488
F796T,749
JKZG5,194
H0Q6V,845
KW4Y1,826
M7DIB,495
8VQBR,733
O1WVZ,726
4FW7I,766
HSWPR,794
OO6BH,936
DED50,764
DJ6ZW,770
9O0NP,738
UY7BK,749
OTIA2,568
9YOI8,742
EKPAQ,724
OHOFG,842
OWOCT,705
UUF84,767
E24EQ,719
NHSAW,519
UNOW9,769
QASDI,740
GH19N,666
F7OOB,759
SAJ4D,124
FI1LR,763
Q7DEB,599
IH3GN,732
0M9ZO,740
CUZND,890
LSKA2,708
NEA53,559
KKGJ8,739
V4C0P,741
PVZ3C,606
2MAZY,739
UYZKX,732
0SA65,90
T84EQ,707
UCD2M,607
4NHRT,578
N7GBK,121
50TLF,707
WN2N7,597
IKOAX,719
VPBIO,760
IOZ8J,758
G9SRO,796
MXW4N,761
5LTLL,752
JN2E8,506
P981O,1472
K9GJF,724
U77L6,133
9JZO3,703
78N0Z,734
AEKYE,783
7QLMY,523
OM66H,722
TFWNO,713
1IJ7V,609
2USX0,272
0ISSH,735
3N1I2,756
95M38,695
Z3AGB,867
LD6TD,850
IO712,1445
M506V,738
DQGYG,1007
P6S89,773
0XRD1,745
FVJ9V,729
5FJRT,722
8WPPG,837
55BOW,773
BPWJI,701
KR4EB,674
8X7D6,785
T1CQE,856
J1EA0,749
WETXR,716
RB9VI,743
SXDG5,942
9ITF3,738
Q3UAN,742
Z5AZW,729
QQY8T,521
EQ4GN,826
8XJP7,667
XK92L,239
L4VNK,387
Y8L60,203
IGEU5,661
KA09C,733
M17EM,418
MJO7C,754
ARKBT,678
0QAZ7,728
HXAIA,713
F5C5M,734
GSIYV,731
GIC6A,406
74P3C,256
IKZJE,1555
JP60G,527
U7E1T,739
V6H2O,885
V53GK,765
T1OQ2,733
2L6E2,564
JBY4E,770
YPERJ,728
BL9JK,751
6EZH6,480
4VYE5,3779
YZ3TA,255
9MOH2,709
4GDTQ,661
XYJYK,783
99XHN,657
BWG9B,751
41SB2,563
D9PWE,703
2CR09,449
BWKJB,417
FM6KD,1221
ZC017,738
R9TL9,711
3XDQC,410
M3EAQ,473
D9UO2,493
SU5W2,581
R08G9,762
OJ4IE,733
BOHLW,771
JK4G2,237
DTUJD,385
37SE6,905
2C6ER,768
B57IW,723
CLB72,869
XF93D,584
30PG2,759
3MAY9,620
HVFXT,788
E3S4O,743
B3SF6,1023
MOREL,707
9J074,707
L8WFE,786
HS521,764
04LAX,654
F99PM,738
M704T,653
NB6F5,352
SJJLG,402
V3LMY,742
V1JIC,647
X8LT0,1356
UCC1O,239
WTGVG,756
XDRZ7,594
LK1AE,672
MTEOU,1503
IN2X5,904
OY3LS,1079
30LGT,783
ND3HH,733
40TYU,644
JF36Q,711
Z2A7Q,708
LRLNC,721
IVXKL,687
1B2P0,599
C1TSW,941
EVGRN,729
9KXJ1,741
KFKH5,720
17P5V,735
4EDGW,726
07BSH,794
VJVHM,799
WR2Q2,694
4MGUQ,746
02GMI,725
7EYIL,622
2HAMN,737
MHQYD,740
0G0YF,706
04ZYD,731
E2Q68,696
NCBNH,971
29LL7,758
CEL4V,814
8W829,830
5F1AW,743
TJZ0P,426
OM5R4,601
GF6IX,800
O138M,648
N5U8Z,943
WIEI2,774
1VUDV,733
63WHZ,1008
G64VQ,723
74WSB,736
E18UD,910
NVDEM,305
GN4SJ,786
X9M5B,775
EMV0A,728
NMC3H,551
8NS1G,748
65RS3,714
POHWK,730
11HOM,191
DZV6Z,769
TIPFG,422
C4KZ4,730
5MG4A,321
C8WLX,827
VXF18,1118
9HGNV,763
RS4ZC,743
E06A2,751
6LUM5,724
XIVBU,722
T8XGN,722
FKZTG,731
GMSTS,823
ECLIB,858
RV11J,968
PKRP5,756
A9YQJ,791
L5ZAB,353
GLIC0,741
5XAFE,740
GOCDE,611
SKI92,653
1UHL7,751
909RL,693
MX9XB,851
AOK1L,844
5A3FT,652
PS7XK,739
2N5VN,709
2846J,727
F8HLI,560
9IXS4,573
1XBU2,399
OSCS2,855
NZCG8,762
JA3MN,572
I20II,142
EE8OB,488
0IU3G,865
M6HL9,743
TUD6M,181
WXBEO,719
MF8AX,727
I5U4Q,722
RZDEA,693
19PNV,820
4JOAD,600
A21M5,714
CEHLQ,758
3HVKR,668
VNYVI,788
8IPWO,750
EXB02,723
K1D2G,741
XYTFC,773
1V30R,765
1DVV0,575
ZWVO3,736
0M6IY,728
3APWC,756
OVFR0,523
MNXXD,799
AM3R2,626
Y1HGC,736
W2DAK,938
1VMZM,677
5O0YS,499
SQKR0,467
SN1VT,791
02V54,441
6CMWO,757
V4HBP,747
V00AL,497
8GRE9,816
D4LRR,731
1TAMK,430
6VOCR,983
WKU7H,860
9XXJ7,739
5B8M5,738
O1ILB,638
WTPQ6,388
9NRLA,648
3V7X2,749
Z2KJ5,762
PV1WX,1150
X06Z6,559
UO4X0,747
QHNTC,720
G13QI,892
14Z7D,743
VTYXW,1710
Y4X8J,762
UVEPN,564
05WY6,709
I6UIG,926
FNM0L,735
DC94A,727
KBPDM,838
JTBXI,979
3TK88,1184
OEHJD,728
FXBGY,738
4L1E0,400
56U6A,725
O9WFN,794
TRHT1,213
W882Y,828
CR5G1,772
GYRQH,753
N79WJ,744
X7R9N,736
STSYP,485
AGSN7,740
VFAE3,955
K1M15,749
44Y6S,1004
OWLRQ,751
BO12I,743
9VW14,763
SXAAN,715
5AHQV,629
YX3W8,675
TEPWB,735
NZ7VY,739
8JR94,778
7UV4O,768
MIAE4,704
WPZQ7,618
WLOCV,819
VLX0E,475
35P3Q,728
EI5M3,545
DJ7DG,739
IFQS1,398
J5ZZQ,720
09KVK,654
T2EIY,750
XJU8U,727
ZAJAJ,812
8BCI8,1010
86E2E,477
9XW1K,737
7JTEK,848
QZZPS,752
23X63,373
5TM3H,810
Z9B4Y,753
N5895,596
RDVGK,370
W28C2,859
TJIK7,1015
SM5WL,745
X4DOF,435
MMV3D,1179
4L664,729
NGMK1,486
UQJ5W,646
YWO77,394
OHBYF,828
Z1LVD,531
4SGC9,728
AHBE8,684
8CCEV,482
LJ0JS,613
9W63D,811
LFC6D,746
3CAPI,786
EJPO8,720
X3UEQ,715
3DLKC,791
FM3TT,213
T5ECU,752
RQUGW,239
TSQBQ,697
7GPSY,968
8R48O,729
E51QT,760
8Q0EY,759
0VQES,737
X5YL3,442
7KZ20,381
PKEZI,927
FQM2N,830
XX7ZJ,545
DERF4,792
AH1N1,695
TYZ05,782
0WHOH,708
CG9ZL,773
PV856,1056
B70WK,665
GR5N6,406
YRPAR,444
VAKF0,703
94EHE,518
AHLZY,789
T5FHD,728
IWCXM,349
NK9RX,739
6ZTL6,562
8XXZZ,719
29CB7,727
KAKSU,747
0CQL8,695
GNUZK,731
9QMRD,755
GFJ98,759
YBXCT,663
XYTEU,701
I30LP,777
EM1K2,742
GQ4PM,196
1VUWS,736
ZFT87,703
RRDAM,629
8NDRG,735
K2LY1,734
92II5,776
BW03C,712
5ZRFL,734
J48N6,738
P5YNX,710
4GWNV,462
ICXAE,795
6HR54,611
MTLT3,871
J4TLX,744
2ZICJ,843
ONA0S,785
ZPAM8,1434
XFRYR,735
JOBFJ,665
TDNV3,806
HNDA6,727
DUNVR,744
77AL0,752
O1LOW,749
ZNH10,708
K5IAK,786
CCY5I,665
LHTSI,733
HJ4B1,695
XTMXQ,71
55687,737
UL9LN,672
BEAAA,672
GQ341,742
W1KJ9,446
72VBG,746
4EM25,440
V2I7S,759
LR0L8,969
CSPSU,609
KUBUA,890
OMX6W,731
XJH0X,614
5IDF4,746
HZA53,734
BQ963,732
QYPLI,737
4IWYR,690
MZAN6,757
CXNYW,693
5JVMD,676
9X8YH,87
I6NJ6,570
WT9CR,767
6UMSJ,924
AEP2A,528
KFD4I,730
R2DA8,1109
MX6X6,722
43CF9,785
DHVYY,678
43CCM,731
9X6DL,631
UBDB5,597
14YU9,202
0PPPL,766
3MLVF,736
L9YK1,724
RKJ0C,740
BOOKV,753
8SAEO,676
KN97F,804
GRBUE,523
AAJI0,714
M1B7N,697
ZIOET,291
TFCNM,751
YPQ97,751
GY9MZ,845
B9F4P,763
GYRNY,760
E6Q95,611
IST7I,971
N7X3T,765
ZXSRR,876
R0ZAU,389
XYWWG,773
NJ8KM,526
FG9NT,655
P3EW1,935
EUMRR,830
YK49T,765
9VK0J,662
2CDOS,566
XEGTL,732
F7KFE,759
LBT7P,569
VLYM4,948
NCZOV,443
QB7ZN,836
X6D8E,747
NLXQE,741
TYWHY,768
JWVW9,493
DCFYV,775
IKPR3,461
JOPGB,782
SJ6X6,594
5UNDJ,4665
TBRZ5,758
DP8U3,610
O1YWR,759
U5RYN,482
Q6WH2,847
C5BMA,804
LKYCT,730
DGHSW,781
WJ1GN,720
UEVVN,427
ESM8H,721
ZD3GI,1036
AK9PN,743
Y1BRA,98
JVV45,639
NOSZ3,213
4UT8K,865
MBAUA,750
41FNM,755
LA6AA,669
G7K5A,265
K7FNC,766
GQT29,751
0XB7U,730
VEH0A,277
KXO5Q,739
3H4E2,737
BFH78,741
81R3C,730
NJ0X1,564
0RJ18,609
T6K23,790
VOX2S,833
RXRAS,759
WFJJE,746
OJGGZ,1062
IKJB4,704
X0CKA,475
XE4FF,386
OIL1V,371
HOI88,820
HDCT0,742
30I35,572
QBXRP,686
FQ6OB,761
K0FAG,714
OVYAC,689
QKP9V,730
LSMNX,807
U386F,749
KPAS0,766
YDWIW,387
EOAR1,808
MW2TQ,537
G838Q,771
OFB7A,704
LPKPO,821
06X2V,860
0BX9N,543
TWLUH,694
TAGC0,924
N2GFQ,904
FQ282,1072
GG1X2,630
RE1M6,650
7B3J0,851
SV6KF,535
9O889,748
FTQRE,711
BIJYC,846
1ERM9,711
WCCY7,722
SZWKQ,400
DNXBJ,744
E0U3R,520
6PST8,876
JBJGX,773
3LUUF,808
TF95Y,370
JHRXJ,747
VG94P,772
CXXVI,622
3DUAO,834
ZLH9E,736
DUSJO,652
VG7S6,490
00YZL,797
ZIWZH,813
OFGBC,724
RFH6M,779
IHGNV,716
KHXGJ,113
3LLXX,1107
53HOB,691
8FH96,423
84893,732
YGYU5,877
PPXPA,756
NOP6W,759
WWCQE,732
DFVXX,718
WL1DJ,815
SZTNV,690
1IQ8H,345
DVDU2,786
C5LCU,772
SMPEB,777
J84TZ,478
ABFGZ,457
3P2U4,468
W65SM,864
BALXZ,406
5EEFP,741
LI6LV,834
XS7RN,761
X8KIS,717
TVBN3,757
CF92N,743
PCF14,313
3C9L1,828
NSF4N,859
5XCJ6,762
FERH5,722
4Q766,925
CB1Z2,749
R13US,698
19ZGX,715
469ZJ,699
QU5KF,557
XQ4RB,776
29R4M,550
N42Q1,387
9GMHF,747
1O6PH,731
8817I,635
1WWJZ,938
Q6XGG,744
BLBJY,763
AMLI4,735
RXLKF,915
1RB92,832
CUONA,725
511OL,699
C9FMC,906
E891N,755
7AB3X,663
BY6ZZ,632
SLAH4,372
S2GDP,799
9K0B6,824
REMG0,692
S6N22,592
BE51K,750
STY6W,236
ZI1GC,819
W7WJR,734
9FH1E,787
ZZN85,660
9XFJX,527
3Q3YY,1130
ENFL6,787
VT64S,770
D1TY3,835
7FLXE,330
3YC35,830
NB0S4,734
4RLYA,751
7UP0Q,550
8NW4J,745
CWM1T,550
0J1AQ,989
293L4,1459
BVHIE,731
UC3EK,784
L347E,821
N8XDV,425
7JHW2,480
L2ZZB,872
OG1LT,220
YLEK5,658
3W6CP,739
DECCY,781
Q7IQI,413
T03KF,747
PT0L3,844
ZJRCS,747
Y6ZJI,764
KTKWL,745
V1TET,683
EWBOG,834
9TM1K,735
95M0X,396
HGLHS,723
A1BS2,1141
V0BVQ,483
FPFFN,438
X11CU,757
IPNEG,901
TAZGF,290
X16WJ,355
6LGTT,600
ANJNU,729
2J2EW,839
BV28R,906
Q3XBQ,821
AAW5D,514
I3GIA,760
7BQ1O,710
3XL0K,699
Y665P,800
WJL39,720
0FO58,786
FABO7,752
17AZ5,758
VNMNF,653
FVINY,740
XVLE2,559
WGUW8,778
ZG1EM,749
YMM1Z,544
93YXJ,1025
LA266,583
AZZVK,737
F0OW8,576
R1DCJ,399
8J5YF,736
Y4GHN,722
WT3IG,874
1EMLS,915
CPM4M,705
P4KFQ,187
09QI0,764
0RQZC,777
3YY88,707
6PYRZ,769
B76OZ,733
VA8ZR,891
06LBQ,815
XRLG6,743
1KC11,866
HXSMP,325
IAFF1,764
3V7MT,730
FVPMC,847
LR6RZ,715
IHVOF,811
X1R6D,574
GPUFH,719
WW4MY,736
8Z9GW,737
SYGU0,515
G1BT8,663
F7AIA,445
WXXYY,847
ZKGKR,687
QT4WM,893
MMTED,531
V4PKW,634
2AG8W,264
AY5CS,778
73XDD,662
OCSJP,1080
P1EK9,622
UT4QT,727
SH6MU,711
OYG5H,741
MNC10,507
A5CRZ,1197
B3RHF,588
76Z3W,496
QU2WL,822
W4C5O,738
T9ZNR,497
BTN7H,931
3BVG1,737
OIXA4,729
690SL,831
1TIAK,948
N915C,813
QJIRI,747
43OGO,752
LQC89,457
2U0GH,778
S4D1O,735
G537E,940
39E0I,757
Q1L24,659
M6ERH,769
MNNJS,761
5UNMN,339
PGPSJ,713
S1FYN,542
T8A9E,742
U8V9N,1127
P9B13,792
63T5I,760
WDF45,313
8ISS6,761
1PCR7,724
8MDSA,780
OJIEC,388
TJBNP,982
E7CJ0,770
P2EM5,502
HPAYB,931
2FL0X,791
TKRIZ,755
D2GQH,738
GQ4ML,732
PHH6B,725
727IZ,835
OKL5S,805
KSIYE,642
JNFCE,751
QQUU5,342
HXCGX,771
DLBRW,770
SKUOZ,220
M2DD1,760
UZRQD,742
6HHCU,732
YFJ9U,728
M8MP0,751
M149H,538
J662Y,764
1F4YB,767
EN0CD,807
1GII3,689
Z7O9G,922
9HNRY,639
F1QR1,609
OA9W5,828
1Y5H7,741
BVBZF,657
KQDX6,588
CLAWJ,779
1Q5ST,187
FZIW9,786
JDQB8,509
GKSL2,923
QVYE2,758
VTOBQ,740
IYD9U,748
JTUHP,654
6XGUE,1030
P6P6L,715
ACQAV,765
0TQZQ,494
MVIKS,722
AVH53,613
KJK56,721
N4SA2,990
XMINJ,732
G4VTC,729
5TUZW,767
NATEB,717
8W0XJ,763
MCMTH,812
00N38,589
3B81O,790
BV53G,719
FQLS1,731
5V8WH,755
CM5SK,564
A7OCU,760
2D98B,385
KX8VW,528
FVSB0,829
OSJW7,726
JF0O8,742
VBN1O,804
1VIQC,786
L0OUW,92
463UL,723
U0X4P,768
2JYRQ,674
FL3CG,653
PN7CX,607
H2B7U,654
A0PVR,759
3V2HJ,519
I7MEA,613
UVN96,747
AMX7S,553
X28IF,622
FU5NY,489
IUOC0,684
VTAX3,391
SPJVR,727
4C1KY,928
F08QY,311
BQXVG,433
03OQS,760
UVQWW,578
UYFET,755
428VQ,778
WT46G,833
QVD5B,725
XOMJ4,692
OYGP0,714
EURF2,812
8S941,811
R1B8I,890
0C5IQ,480
2XVWK,767
E6ZBZ,749
YFZRG,727
6N7G6,824
0YOXV,728
D9FR4,1165
NZY1U,674
3S6WL,736
PNRFK,686
NYZ5Q,756
IJ587,754
F2T43,941
9INKU,723
43UDQ,665
HS3XP,304
ZP6LO,709
GE4SD,1169
VQWDG,594
RAQNI,767
BV6VV,720
D1D55,877
XLQ6X,832
9FBAP,453
MNJWH,731
8VWV2,1421
H3CDC,464
XDJCC,759
H4M0N,587
FYJJT,813
AJ5YQ,548
W97NR,757
I79Q6,722
72LJ3,597
7C13O,1185
TSKZL,714
1P97N,743
8YFD1,754
CRH69,583
KAQNT,321
WFUK2,493
LXLW4,878
UZMKC,723
52KNA,828
WXUZK,714
EN80R,636
8YZ8X,1001
6E7Q4,750
61TMQ,813
BDJ84,735
81VSN,947
V5XKZ,759
ULD0T,728
BBQIS,1002
OWS57,738
T2XVO,648
QNQOG,632
00MFE,494
Y3C08,136
IZZ3Y,796
WIOOY,737
2TU40,725
7MI5Z,683
U2AO1,391
CS7HY,739
PVN01,701
ZV4JV,550
8JMY5,393
DAIN7,863
I8LEO,689
8AT69,732
G5KWF,737
O5D7S,541
Y4LT8,718
QH3WP,739
CEPB8,738
MWUIN,493
HNTS9,444
AVSPS,1164
NGHT9,706
NYPOF,277
MFOVZ,737
P27FO,733
PE4BQ,739
7B8EQ,771
EK19H,627
QRULM,850
POLVK,738
P4FXX,861
0PGAD,466
BQOLV,875
TXQWJ,433
79VVK,963
0N7OQ,870
0W4F6,732
CRW0G,648
88LYX,698
QLKSV,732
JQW5G,719
6TJVS,777
ON2VH,726
5UUEP,765
KO34N,740
NNG97,685
B55HG,729
9RSGO,739
BIQGN,731
4HFN2,886
XIYIK,720
L8CC0,877
1WFWL,761
K43ZC,648
G82VI,828
G93PL,406
70SEI,915
T42IZ,705
UB3KO,1031
H7LQM,825
BJO5X,758
X3EZR,211
S8Q1Z,778
VA8NL,640
TGUKM,770
W7SGQ,790
H5V2Y,732
OOEHL,745
SOI68,762
UZTIW,707
SMRL1,760
B4ED1,820
3MZZI,939
FVTEU,1062
K9BLQ,653
8U3SS,755
GM4QR,691
WTJQ0,447
BVRAS,419
DSGVL,721
0F453,508
HC5JH,611
Q0BNP,772
2Q2LA,516
D1UWI,517
BM5B8,720
QD4GS,747
FGRL2,739
1ROX7,867
EOELV,657
8MS3V,728
KK8N9,293
HIO3X,1280
ET224,1468
RGZVZ,692
6FSAH,638
D0SCK,780
SCHOY,729
PP5KJ,672
T1FTD,814
XXMN1,739
GV9M4,726
JQG43,836
NBMZ0,767
UCDL4,719
6U8AV,726
KVXJ9,739
CCCUJ,1451
E5TW6,734
YLIMP,1287
NKCXF,671
Y716N,709
NALYS,742
0J1BT,402
S5KQ1,725
E6P07,732
5HOAV,629
YIIFF,725
2BUDH,717
JKR9A,717
YH70K,757
NTA1U,754
9CCFC,347
25QPB,664
G1CM7,855
GJC0W,743
UBC9N,735
IUETR,497
NC75G,736
IGF81,768
3J9L5,715
TQYV1,743
VHOYB,726
YQ6Z6,547
XQVXF,660
RWPS8,668
1WLKW,341
KRT78,919
6X6Y0,755
JVOM3,917
DK59J,729
ROOLO,764
2P2ZC,676
6NBQ6,774
SVQFY,791
CO1S9,310
N3U9S,357
8NGDR,1034
ACJBD,921
W01LY,700
K63HG,743
3UACJ,911
8WZRF,942
91YZH,797
41O3J,1008
HMA8E,410
GZQ0V,633
GUYVC,517
L1PKF,739
5OCXJ,719
V7LTE,523
7KW31,275
ATNBT,729
IIL9C,776
DVO31,1011
QYM5H,721
FIA2R,728
3PXGQ,705
MNBEI,727
VKKIQ,495
N7AOK,731
5C6IS,509
BYDSE,735
UNGPY,732
6912B,722
SRTX6,714
AF8IH,779
3UO56,719
IBX56,731
K0Z9V,738
FR063,676
R4SJJ,1121
O1D7K,863
UIHDF,727
291LH,763
II0EJ,719
M2O8G,544
AC3T4,939
BL7OF,865
PH3R3,200
05GIA,297
4Q3N9,485
M52K2,1350
UQ93G,697
APJQ8,425
OZPA9,1045
6JACT,530
R5CWJ,414
KVYBY,461
SPUPH,297
O7YEF,250
UT8ZM,489
WZVHJ,642
C61BE,322
FBIVN,489
K4XO7,992
COBS0,749
EE6R2,732
D6J8Q,668
F9J4H,727
88ZT4,743
9777C,704
WIUQN,602
UO5PM,735
1HHP1,656
GKBSR,806
L8Y8D,1314
HZCXV,771
CP3Q6,678
G1BSD,848
0TXYV,606
DTJS6,902
GADDK,452
0Y8H0,461
GR130,702
9LHP3,764
7177T,726
KS5VD,647
A0MZ9,789
TWU2U,968
ZFQNZ,680
EOUCM,733
2LCLG,745
JQLD3,728
2MNJT,751
O3Y57,716
ONMCW,844
OZ5SV,480
XHL3Z,1017
7HEWH,736
TKAUR,997
DG33V,728
AB7ZD,760
FBOF0,802
7QH3I,747
R2VY3,153
7ZCXJ,737
5EEXF,804
X817Z,777
DOGYU,746
NWMAP,606
UG0TA,733
WBX8F,768
XBXKO,960
A2L8M,855
GWK2L,905
CTOQR,708
2443O,759
NAZ52,821
8ECJ1,759
OEUGC,869
O3HV7,831
35C4E,925
TANB8,759
U4J2Q,731
TIWRY,636
7OW67,439
N7243,737
RECCV,818
A3U9M,750
XTC0F,715
7VHXG,694
541JP,314
ISTQI,735
A30ZM,736
0ER4S,806
KY28J,709
PPKP0,693
QCBIG,739
QNHM7,625
I5LAC,1091
77JGY,749
OVICR,733
OWAA9,734
35ZZP,875
J8KES,739
5L04F,693
2O6RB,876
409X2,714
X87CU,801
K0Y6X,1447
ZZ2SF,741
D1O6N,744
U1OYB,657
KZW3K,647
TYYZK,994
823U4,685
ZUU8W,864
IGDIE,796
2XXH8,731
857S9,829
OKHVL,866
GMPHO,957
KA9T3,739
8D6PU,910
55DDW,931
H3XC1,683
NVGDG,774
EWES1,763
EWO2A,751
57N4Z,733
ZVV1Y,727
XET54,762
D4XVH,758
SL401,105
AJLGU,699
J6TVB,712
6VUKN,744
OE2M1,735
CESHR,135
SH20Q,655
3D94R,369
PV3KQ,868
B9XZX,658
2K755,726
O58M8,401
9NWSD,670
UD8SH,310
WVG97,752
0NCWX,757
7R4YS,748
0M2DO,767
8T0DD,176
61Y90,1064
AEA8P,553
S1UFD,744
BQA97,727
T0PJG,822
KIJG4,266
ZCH1J,1071
BLPAB,732
V4Q75,722
KNXCB,420
H8QM1,738
GL7E6,725
SQUX3,1167
J4QHT,745
13IJA,746
FQIM2,142
AKKWU,293
J5DOP,728
E6RD3,654
IGQJP,1155
U43FI,421
5LH8B,759
J56G6,887
HWHLG,611
SK6FW,785
8BNUT,853
S6RYI,534
AOQ7C,679
CLW8L,533
BT1WN,826
T2S96,136
USNON,739
KD3SK,695
R8OTI,735
KNDY2,515
4713W,610
FQDS1,736
01K8X,743
9JZCC,708
CNVZX,733
QH3FK,738
OGZYC,866
0UFGC,740
IS3OX,943
1THHL,732
3L7Y9,703
GQCUO,758
Z1DBB,1077
5M49C,734
5GHV3,826
CXKFB,643
UMOE4,274
4KZHT,729
W75CV,529
GKVBS,955
DSI0N,803
KS85E,645
NDD35,702
TPHRR,877
JOWAU,623
T42A2,787
B6ZIW,805
KHHIV,414
2XKVQ,764
PQUF6,551
0M1ZU,252
DYWR1,731
14XKK,389
YJQO3,768
29OV5,383
S0LA8,766
8YD0O,842
KKA4X,586
TC96C,824
Q24GF,732
SKLEN,740
W8XQ9,696
U7O1U,783
6EHR7,959
B32MT,721
LGS4C,744
D1WYU,730
VQD0Z,197
UJJ6Z,812
WER6W,1148
D3N3P,410
KT3MJ,782
J3UKN,791
BD9UN,728
U1B27,729
GPSIM,783
XVHGO,949
P2JL6,367
E0OJ8,814
2NKX2,425
6Y709,739
Q7TXX,738
NNUHF,743
59KH0,817
29B3I,968
UOBM0,708
OZIJ7,894
HV2NI,571
B69CF,567
O5N93,810
LKQQO,764
ITJIY,446
XKJAD,648
ZL55N,533
SGAGB,724
2EPFZ,767
6B2FN,575
Q5GVZ,702
DR13T,495
ETAFB,811
UPUPM,762
0G50G,759
GMLPK,1042
W6QUC,745
WCKTP,769
9GUX4,724
MN1O2,425
GBGI9,625
NA5F9,564
QQUI7,735
3P38N,821
HIKIC,737
X1KKZ,1006
ANAR5,723
I2DHG,740
OCSVQ,471
J2J3Q,640
7JZTY,761
9AFQ7,1171
5HQJ8,722
UTLNI,585
TZL6H,739
28D7L,762
4ALLQ,871
G9JMG,717
F9I6K,549
UD7R8,731
NBAGZ,595
CEZ0A,564
UKGO4,781
CK6OL,136
W5P6B,721
ZOBZV,935
1N1UT,714
ZCOSY,730
9IY50,528
MPBM1,720
GA7SB,730
9GLQZ,738
X9T4M,674
AK9IB,824
TTLFX,708
BCONW,763
KUBPN,736
372CC,733
O2DXE,457
5I330,410
OTL44,198
JC1DV,743
KSPZY,770
QCVZN,608
49ZI9,763
CA8KS,734
NVF2S,744
JXA4F,730
GH3D1,733
DANN2,693
UPCQK,719
MQZKO,878
XTHL8,763
3JJ7C,761
UZMMO,871
4C5S6,828
TQO6O,819
V2C4I,670
78XRT,732
OEIR9,844
XNR76,809
72JYK,556
O8DER,737
KB0Y8,205
RO429,746
TLDA3,772
NEO0V,643
2S0PU,382
YS9RE,680
UECH4,769
T3R3K,506
WKME6,797
QVQNK,731
PFOD8,336
DRT60,643
T9V1I,454
H5CJD,634
51N2C,733
ZVCMM,634
YU9BS,1143
DEY6U,805
2XVR0,798
CSQLJ,754
B84SU,743
AKO6M,447
FQA3W,514
NIH53,659
SL9P2,751
0M1PW,467
ITJZB,595
HFW6H,1253
2JP64,734
BZ189,733
LB006,370
0Z1PC,933
5OV3M,784
UNWMJ,751
7NLXI,623
X8A6H,678
MNGT1,809
ME7II,884
4CAAH,781
87ZB1,613
71QKB,708
H378S,713
BEC09,630
UBVV7,893
5AYUN,1006
17DOT,527
RHV11,727
0PKMF,743
3TUUI,1135
KF42S,470
HYIZD,725
CH41S,943
EJZZZ,724
O07KU,576
RGIZ7,737
6VUIO,722
MHUSZ,756
3U1SS,735
QIYU4,623
AM3U4,735
NMTRI,758
R9F8L,1961
2WW04,774
X9R37,298
WJT09,413
IHSRC,750
4YBN9,803
DV6U8,747
QDVXO,735
DTNFC,478
CHQ41,665
J9UX5,730
KQL1P,756
88CD5,535
GFX2M,713
448J4,746
GWDF9,812
491X2,848
YFPHS,731
GC7L9,809
SVA4D,742
7XLMZ,691
3SAO5,819
77UTO,764
8DL54,684
450TW,736
93ESZ,700
472EJ,665
LRJKT,800
TW6NZ,787
CDVXN,636
F3RM9,535
WT59C,738
2XSK6,768
36VYU,576
YTBQM,1007
AFIRW,767
Y3YE1,770
U46OX,736
JI705,734
DCNQI,257
NHH8N,787
MR66M,772
LDST7,750
SP6M4,308
YDWN5,328
H9V9I,805
QRSRE,793
NSKMC,605
9S0QC,778
QJIAV,773
8VDZ7,798
NSEZ8,172
56PK0,1049
EPKTX,542
5I4UT,908
9W9Q1,746
NU4XA,739
93HQR,756
YG2EP,872
95HQC,719
TF8NL,499
UJO36,743
H3MG3,749
PEWH4,760
6J00B,774
9VKVA,763
BID6Z,791
AKU63,838
C5044,752
IK72J,957
DOB0W,232
S1XW9,802
81QUM,739
NKLTK,726
FKZQN,733
3LFV6,712
4ZRHH,768
FU2HI,875
KKP3R,768
IJN3M,995
QG4N1,711
T04MB,756
XQC9F,828
T53HV,822
5K0KJ,709
VVCK0,787
NOGF3,156
VICUM,693
SA9PB,749
CI1I6,781
FGEJI,735
16D5O,473
GHPO3,723
UC33W,760
DPJH4,640
18FTZ,757
DAJT8,520
Q8TB3,379
6PL9Z,473
YNJ86,739
WAD46,758
C1LVJ,730
0LHWF,723
D9AR5,806
BMF6X,798
RLS2I,240
LGPWK,773
GAN05,742
PH5VU,981
FO2RD,698
5IPJA,748
61UIO,746
OUTGB,862
A6R22,760
7SKSD,714
PDTXL,827
NWFOF,714
07E49,792
EEVD3,741
XHN6Y,624
JOMFO,548
G3W9M,752
RI2KG,757
1YAYG,895
CA7T0,928
TTJNS,460
WWPEN,705
HQUHP,762
HLB3J,746
WVOQP,882
M5C5L,818
NBV2S,735
SWZWL,763
FVOU0,747
9FHVW,709
9A90E,751
NFAA5,751
L8T4O,345
YBJJ0,868
SFIWO,708
G8YWY,635
S67HC,746
FBNUZ,843
QFDVO,683
7UQFM,813
02DPI,991
O7OD2,697
OETY6,737
PS29P,437
119W9,603
WZCPT,724
R1S1Z,521
7RA0M,731
9K2TY,736
JD3KW,1094
O2294,743
F2NAW,750
XD03B,705
CNSMI,1000
COM6M,570
S06H3,527
PTQE0,774
LYY21,795
7R8ZU,777
6B328,732
JSIRZ,693
MY5CQ,755
BJI1D,163
FW5KJ,97
6IOV0,733
Y91JG,434
KTBKA,710
MI0ZQ,728
09F15,722
E1TUD,610
LGCTV,779
7H7PN,730
4YL07,720
ENC45,638
ZDV60,737
O7I5K,846
8UGNK,677
09AT0,731
OHZG5,746
3LIGG,643
R6H5P,348
JOUM7,792
FTG07,1397
EFX3U,734
Z0IE9,577
BFVX0,611
ORM2H,683
8D464,694
R7107,301
WSKTN,762
DSWWV,521
4Z3PQ,746
ONVGA,337
JSY2I,734
I4N6K,804
PIMO4,722
MV0TX,622
O18DS,771
HQ7WC,715
PRH15,907
677VJ,793
XO9O3,726
XQSXK,545
C5KNM,871
IAK2E,685
1UXVA,736
0WLCJ,743
RR8M2,665
WB17C,819
HIOY0,875
FNPOB,714
TXJK7,816
94HXT,768
485I1,732
ZPRJH,743
EUJK0,752
X07QW,658
C6LW1,764
803H6,740
XXIT4,789
EMXAG,208
I491F,721
1EJKT,1017
XK0QV,834
0M1X0,702
EZRQW,683
IYCOH,741
O03Y4,376
4T97L,716
QFL2O,741
ECXEX,749
DK9PH,296
MOTWW,775
WX4AP,493
V6XXN,684
5OB3W,737
CBXVQ,813
GXVX8,738
883AD,795
56ASU,809
4VX01,725
PW9P0,318
FETME,731
FQ9QX,731
XMI29,733
JDDD8,543
B8BSY,764
IO3CI,769
8EU89,723
UTAGQ,289
E5ZF5,856
ANZ0S,688
02XLP,743
WREDC,626
RVBQC,342
2CFCW,718
5TNRZ,365
QAHJG,745
27JQL,743
8XXNK,471
J99Z8,705
QN7Y2,461
BVN7J,834
TODWV,737
Z6OEM,576
FM078,938
NRYS3,783
1BBIY,639
XDS14,1352
DV6OZ,1010
MO0SA,698
OY50Q,544
NNG2V,754
B6XQZ,739
JIDHM,807
9YI82,729
IA9Z5,580
Y8ON2,391
MSCYV,606
L3ZRP,735
4BIMI,899
V0XW3,611
HD6GF,155
PDH7G,719
HTGZV,619
809QT,562
DWH0T,835
1YC83,536
5ADJT,829
ICPRQ,735
RNLTR,565
V3CWF,642
DAA3F,769
7GIOE,812
OWCJT,368
BIV8M,538
W4MEA,723
VU996,726
YT43U,1206
34OT4,899
2UZUJ,710
0O022,775
2QYZA,715
KTL2G,769
LW1W2,738
FYR3P,463
2INEX,868
NDYOR,758
00607,788
XMANZ,755
9TL3J,855
DLCH0,1165
RJIEO,712
J0AMJ,737
8M5VK,806
0RDVJ,954
3CTZL,655
07AWM,581
5D351,711
9ZE0J,771
67MSU,728
RBC8N,1448
E6A0Y,361
E6DLK,655
B6HUA,746
2WGSN,673
USNP1,457
I6AZD,721
M8NEU,727
QYE21,721
9BPW6,749
4KO74,824
57QQ7,580
LHPQS,374
6RQHP,899
2544C,1947
CXZW3,737
99WON,663
U2FA5,721
S6MPZ,924
E4FN6,811
M0ENV,752
W1AG7,889
D9EDE,808
U3EH7,858
A015X,728
5ACD3,1069
Y7CGN,792
GC1Q1,387
C69Y1,1003
5ZGRN,695
0GYRH,768
0OUEP,777
9YWJ6,818
AEUVY,726
TBCJA,765
W74ZY,768
I049A,727
QMTF2,556
E64R4,868
W3LUB,728
ZZ4GP,758
U32ZC,368
1WI77,695
VNVRA,791
RRFE7,575
VSR11,758
AB06W,703
GLH5S,709
NDLY5,735
T56KO,794
XXU6H,423
U3EUQ,739
8YK8Y,720
44PFW,594
MJY7E,288
1L220,3259
3MX8V,754
ZHGEV,745
XP305,430
NRGQB,282
LURSW,224
S1LY3,881
QGIP7,722
H5TGJ,863
4U8WV,774
PT0D1,568
HA02S,880
QSBXK,708
CMI7U,849
YY5D1,725
D9UBV,655
LKNZD,797
DGSBQ,733
WRFZW,701
HI75B,424
7W66P,747
WIOCA,743
0OP1K,765
YVFBN,707
IME5D,780
8G9A9,666
MX0CO,493
7RDSV,166
DPLMM,365
ENQ1G,933
6C2DJ,704
KONWE,691
MRF8T,579
ETY8D,479
SX07Q,1159
KQT19,747
A52N5,745
YQ9ML,751
KA8IR,710
YIG5G,879
UIIF3,185
S444Y,854
ZDEYU,206
83V0A,479
EC695,744
1QP1S,809
IKYAW,739
5R83A,662
ZS9IX,739
370X8,709
106AY,817
K14NJ,772
0H5VC,769
BDFDE,758
XQWLY,416
KUOT7,712
KZ746,452
F6A4W,683
LUU2S,727
844D4,526
Z1H81,758
V2JOF,841
0O81T,746
U2V5A,722
IU2XH,731
KZ7Y8,670
H0O39,935
IULK6,748
QLYV5,705
UAT1F,717
RM5IC,616
EX1PY,814
ZJ54N,713
Y79PC,691
UAIHK,894
ZSJ2I,741
J2XFQ,687
LKH9A,795
5RWZF,617
8EYHC,633
QZ1BS,794
4K0BP,738
7CBNR,713
08XNM,780
129SP,745
0SFYS,771
4WO5F,731
8LLI3,478
ZB5J4,954
1ELWC,656
78SO8,727
DX845,504
6E4L5,781
QJ389,410
HVBES,754
TESF6,731
33I4D,1202
PVC93,730
J12SC,624
COPHL,725
OFNQV,812
P6SOI,772
4G00A,789
X529R,735
KFZ55,691
ZQKVY,314
013SD,226
1410C,726
BRLNM,747
GM4UP,856
NR94C,763
PNM2H,1078
21MI8,751
TPSUY,763
UD0P0,786
JY6TC,484
RSJ0T,724
7SLK1,726
BUXV4,949
8HW76,781
TOE9V,495
LKHKF,742
9SZG2,795
IV8MD,588
FPWD0,734
7LJ4G,812
2ZG3U,755
WBBTU,748
XIG01,703
TMATS,743
CF9QP,739
8J5O9,731
T9EHP,737
5KQL2,745
PJDUN,744
T38JM,595
X9Q1A,518
4SW5W,738
9FGB6,578
92FFB,485
W4Z9Z,592
2DPW0,752
N99GA,489
5LE93,507
PQMTB,276
W4WQ0,848
JQY4L,493
IU2OZ,761
LD8PU,426
16UNJ,611
Q9H04,719
6C526,611
IV7IZ,545
W3Y5Q,684
VEHER,483
275W0,522
F1OMV,454
5SGU6,722
4CV3F,668
W0RSP,334
PUY34,241
D67MQ,780
BDZNW,792
MYQZJ,1308
SY5QP,738
T5SI3,327
AFUBV,769
BB7WL,734
U2B8U,795
BRLC0,683
3Z223,762
NMC5N,766
EZCPC,858
G4AJK,1015
PRVHF,792
8Q7ZI,455
ZYLTE,307
6B7HM,747
IZCB0,701
N3CUK,914
CF55N,909
5C3NY,733
O283L,724
1D2OX,741
1LSEQ,654
QWHFE,707
Z9THH,752
TXAG9,694
X3FAP,885
38NUC,779
HDX87,683
TIS3Z,792
CWUDQ,732
K34BE,402
2TAT3,729
K0X80,739
9RX96,940
AQ69X,726
JIR5V,738
0X49F,1030
E3UZP,763
XVBTO,504
3HLP7,741
6XT4W,793
MCMCR,735
P14L7,739
S1J2Q,751
6R6RS,720
9C5PT,764
HBQ33,733
6E4JA,741
GL2JW,729
29757,733
0UFI4,1128
YJ1KW,755
A1U0W,371
I005F,436
WBS4I,769
PSAVM,717
VOXNH,386
P9RNA,561
BBYHD,634
2Y8XQ,735
NXUA9,756
NXM13,749
QTGM5,759
Q5YDL,1221
EKLVV,623
DJJ24,565
7XJLH,714
QJPA0,732
PE41X,722
D5SB7,750
UQPO0,1208
NJZR7,247
OEBAH,740
V3DJ5,631
RO8N5,741
VOTA7,435
X226B,737
720KV,708
6GY1M,768
AERV9,970
HI81L,851
Q5MDU,223
00T1E,458
Z3DBQ,641
KJWAH,576
91SQ4,478
GRJG1,545
94AT2,722
PIEHJ,877
ANXB8,765
IQA16,753
AF8I2,816
PB66Q,791
OGLCO,759
W9U1O,420
P4MBS,719
JMCRT,703
8APDH,622
Q4UO4,734
9M5UE,747
2S6V7,1004
PZNVV,745
CVX9F,399
L57L2,2978
KTQEL,789
TU2GE,737
RMS26,731
1T2W4,658
RKCKK,723
GJC1G,686
7L0TN,758
Q2GBA,726
9MNZ5,1259
DM2HW,502
AB2V6,727
JPUUF,795
9OIS0,633
PM6U2,710
CMEA6,752
L5G6N,919
NX5EW,405
7N4TW,2089
KV99H,720
J6P6H,519
RIE30,454
ECVER,736
3QL7J,803
ZISOA,401
RRZU3,745
7O6FK,457
XAX61,1162
ZAJYX,708
9UTFJ,189
7HLTQ,835
1DGC9,578
583F7,832
BT7FV,626
THW67,698
P3CLM,1001
57MEO,518
X2JBJ,739
XTYDU,789
WNSGZ,755
EYQ6U,2595
8E5AD,767
Q18ZQ,1031
0J5T4,872
WQ57B,570
XE4IA,727
4MKH4,732
JP7V4,573
7K163,164
UE638,262
6FYKZ,771
QO0FI,597
B6T4P,733
D1XNV,809
LRPBA,475
7EJUR,575
X1XZA,763
5QUSB,748
W8WRK,793
5P6HZ,753
944AK,744
M9KMN,736
34J80,727
5TG5P,752
FOMJM,724
PN1F2,733
MZZK2,745
IPRMO,776
N11GT,441
XI9FM,774
CM293,707
6U082,574
EUK1Y,739
K9V2R,824
CHBAS,723
VP4OG,724
LTYK5,677
ZS7X6,743
BQAUC,425
6UU5T,174
JOLLV,759
T5GRP,751
90L0S,736
ZS1P1,958
PUA7P,590
A1VTR,948
XJOJL,1143
G7LU9,576
RQ3AK,442
24XDE,679
RT07R,739
CSYES,731
HTEB3,598
4U52R,703
DWU60,709
Q77UW,855
P8OVC,734
DLIAR,611
XKLW2,691
KW0K8,273
YJRBY,807
JW2HC,731
CPDH9,664
LQO5R,804
MQFFN,743
1SKLG,731
8PL34,802
MRNFI,870
CQ435,605
NWJER,812
S2TC7,722
P1LWC,173
IM4UD,735
LJ2J6,710
2X7F6,627
CYT5I,725
WZ351,784
J27HW,743
7W8E0,460
3R4DD,795
U3ANG,978
5VDT6,799
3C9R2,732
3JCEI,476
S6W5T,634
B5VY1,515
V2GC9,735
NV70C,731
6C65Z,457
V4HY4,692
OZ02A,980
9N0BP,734
KNIZK,819
CS8O0,708
TJJKK,223
E6PSM,1009
5NV2Z,537
TKOYQ,752
40309,745
07TCM,814
IKQLJ,1510
17RPG,778
HYOQB,207
V6LP3,827
YHFKO,197
G41CL,731
X5E6E,621
7CCM1,722
TFQNW,489
38TF8,757
GZ4ZZ,777
QACLT,629
N6R39,764
VNQTH,251
UBUKL,543
SQYTO,786
NHUCA,636
2NOVW,735
L4184,726
92AO4,706
GNPSK,761
67RSR,698
SFK5D,403
NGMVI,708
WN7T3,738
FC2TJ,1035
WKSFS,700
Y9WZW,1190
PLH9O,158
UN1PD,738
EBOJG,1067
C41G7,747
W6AXV,684
JYBGS,468
C1DK7,658
O3SQK,591
1HZGH,786
PHN7Z,723
WOD0G,740
JHRI6,294
RANB1,785
V8IGX,647
FDNWD,569
QWZV5,709
0CVZN,715
S72J9,678
KOAQD,1287
D52S5,769
V9XR6,920
NFXPI,720
HBWLV,759
NB0IB,924
VD58Y,561
BOKLM,744
BWZL2,1208
4PEL7,576
7MRKY,880
8TZSC,444
CBPJF,845
GG3K5,768
OEE36,965
0R6K4,729
SF9P7,777
0NZVB,1015
EAPFO,786
47DR8,754
O6DJW,293
1S6FD,657
5BQMX,537
QBIOX,740
VRMNI,811
GFVSV,948
JS3TB,579
QJH8I,926
ZAO65,643
QKTUU,465
LTY2P,667
ZSSNJ,827
F24GU,749
4RKKP,733
23QFL,743
FSOFF,476
NCDE3,636
028CE,481
2Z0LU,764
S572F,705
7KA3L,769
WK6XX,740
TLPMD,729
NMG2Z,743
DSG0F,750
JL1W2,585
AV58B,860
924QD,722
LIXE6,802
DLOS7,995
6VJI0,733
0V9WT,606
VMRAV,926
BFCU9,420
830OE,764
FDOY9,898
DHFA6,951
JUNX2,372
MPFSX,744
6SWTR,620
FNLLG,735
UFWD5,795
NUW2S,908
MW2KW,728
T6MFW,743
I87SH,746
3B97C,492
JVJZX,615
PPUOO,578
LPPFL,735
CU9RE,727
M8I61,736
30K2N,544
469E8,672
VMQ20,178
CUD1T,640
AAS9S,750
Y3QYR,579
L3F3M,756
Z1EEF,759
LA0DB,739
FSKKQ,847
DKTVI,734
WEIS2,737
GYAR9,912
WXTXF,493
GWQ73,744
7ICIA,655
AZXRK,735
0QA8P,1241
4DZB6,170
75HWR,889
H28KM,775
QZIRQ,251
PXVRF,699
C83CH,382
9X208,728
NF4B8,638
D0YWV,665
D55ES,766
G5LEA,728
D32A4,754
68YR6,742
WCERV,745
EP19T,753
74S1R,669
BVS2Z,666
5U92L,579
8UCK1,357
7FTZR,830
Z6I0R,742
7P5R2,786
HMLJX,795
IJWV9,1419
QM4AD,562
F1GWF,308
S0B9O,733
AEHBG,987
DYY73,781
50E06,773
QYV5R,1089
JX8SN,295
6SB75,754
4KOBZ,718
3GA59,552
9OVST,705
WRCO6,389
OMFVL,741
BVDB6,193
XTRH7,423
39SXL,981
3I6XT,747
89IBC,672
25YVM,810
AX46Z,763
8J2K5,854
QC4R2,795
H8S4L,696
KAMP0,631
SCTNB,755
M5W51,729
6H4D1,1209
V70F7,764
HETLN,496
65ULK,731
NWNUY,649
I1OLQ,737
2MJ72,727
DHPNN,738
D3PPI,803
EQ36U,627
1HL2K,719
K90LN,677
9GOUI,451
R1RDT,733
UANDB,633
KXIMH,737
CG5KY,762
CM0F0,721
6RXCP,700
9EEGQ,745
RS3SQ,714
0LDN3,402
N9TRF,670
ZU8Q1,736
YLE12,734
N2WXN,740
2Q5Y2,728
3P8NL,751
PVBUM,676
5ZXA3,738
AIT3V,697
CLVGY,704
2UXXB,743
QSSCH,713
K47J5,678
SPF63,699
E1TJI,783
D01MJ,900
OB9D0,777
WSS0V,244
X9WTR,1549
DP1TV,220
38BDO,803
BN4VH,753
AWBEC,436
C9ISQ,515
CFWP7,867
55OAL,538
3GFIC,677
FU7HP,574
JYDCI,740
VVQYB,941
MD6C0,978
0M7YH,736
580G0,493
YVKIV,767
R4FOQ,148
TKWJB,771
T342T,778
40FKN,751
FPODN,831
0SE6A,724
ACSP8,747
RYDUK,504
R0OLR,732
G2QBV,726
955XE,730
WMR4G,797
Q3M8J,722
3LLSZ,762
QEV60,433
ATWCT,705
GXEJB,722
FR4K2,760
OB1XO,888
MQHDC,736
8L3OJ,676
HUOZ0,867
6N4BD,799
038WZ,314
SXX9L,758
R3Z2O,731
F9YMU,742
M0DAY,597
PLJIZ,736
3AU5K,736
CEKMS,401
LVNAU,1130
74DPG,971
VRY89,754
KNN3G,726
N86ED,762
7OPHI,794
V9RT3,700
H411A,769
W3I8W,732
2MJA1,754
654CH,739
SM0HI,722
P4HXN,803
D8FTI,745
0POYO,587
NNZON,426
S2FLE,731
1BXYR,136
ZS9XR,1064
87Y64,727
TTQ3V,728
Q9IYO,553
YE6TZ,743
0TJ7G,649
42UH8,622
6E8GP,786
1HAYV,907
L3JDK,745
MQ4YR,602
KTXE0,731
03D66,746
V95RI,534
XZ9C0,712
9NGOG,739
DWIS8,771
GQYR9,815
7BFDL,931
L7JYQ,409
80YWL,315
OMBR9,1565
77HKW,241
ZOL0R,765
NACLT,490
NV1M1,96
61XR6,808
MWX5K,428
NCRCW,604
N0G70,745
5E4XD,741
6CAZU,762
M3S4D,619
42E9I,800
MUVB8,588
WTBB2,755
XVNJC,1258
YLEEO,338
5OIQ7,761
0IAGO,682
QLFR5,919
RJ27X,548
LB4AR,661
T7T0S,660
EYP8H,762
U104F,708
WNYV6,605
JZULS,706
1ZWPP,561
QDOXA,709
DGPAW,398
VYW49,749
F650A,622
KTXSD,226
IQSWM,661
B7IAK,740
S4PLU,731
RO8Y6,866
C0207,875
VMO7A,398
QUGSS,786
3FEYY,721
VCZWV,762
K801K,789
3O6KD,722
WEIJ6,671
Q4932,751
7S3KW,736
1VF27,493
ETT15,613
1ECM2,605
RPY8D,736
2JT00,516
K3T1B,244
6J8NE,566
M014B,724
6JKD6,727
E7DKD,723
L7HA6,1131
MV37M,560
NJANX,514
KBPI3,729
7KEON,608
C9HLB,815
L1Z8A,1281
00HFP,747
6LBDM,1243
S407A,514
HEV65,740
D7W4E,738
55AH5,600
57WV7,1187
BBAVF,736
JGYF6,435
HAR5P,758
KX90W,707
42MIK,446
X0VAO,746
DYVUY,726
4D7GX,630
MDZVU,749
GISE8,832
3YNPY,337
2Q3ZJ,921
8RFDF,148
RKU88,587
4683D,736
HM7J7,723
9YLUH,742
B0SV3,735
7WOTM,518
R025M,377
ZCH7N,727
WGZ29,1293
T7ST5,517
NQKZB,1120
38T9C,603
PWO7A,459
E5518,762
W9XY8,824
S1BYH,674
N0NLE,709
7G34J,644
G8O8P,830
46Z16,1161
V149B,757
43FG9,385
D8OSC,668
FRC6O,657
IL0JH,434
2U3X0,699
00ZCA,2230
77SCM,226
37Y0B,364
NW0KT,1185
YUTDC,722
JQJSB,693
BWLA8,722
KLARI,953
NE37I,634
YA379,616
5DJ3S,610
JCNHL,650
0DJ4I,724
UIWY2,686
RJZ3I,618
IOMVF,585
G4KE3,635
MVPQF,776
G6K7T,962
58VZI,836
BAXWA,742
K56PA,612
R87CC,645
KNGRY,727
EOKJ0,756
CLORP,928
ZGHLY,734
7R0LB,741
DXUQS,786
7TA23,707
XCR15,472
LD9EC,743
UJMNV,766
HRFGY,529
0SK6H,757
X6B0P,731
9UU4W,755
TDHM0,728
G1JBI,915
ZURT8,570
PXU2P,729
2K5GR,702
QRZK5,952
7QEQN,180
YQOCU,743
WU8I6,598
YD26T,543
6W2MO,770
46GP8,597
EDSUD,601
40WPV,911
SMQUM,539
I1CUU,723
XNT6F,611
XP6CJ,959
JQAO5,424
DHDCF,653
QJ11V,744
K87AC,767
UDDTR,1281
NY5R2,700
7WOW1,844
AAGZ2,1172
FQOGZ,782
DDV1G,743
01KML,809
3NE5P,734
HG00H,839
1UPHI,606
654PD,707
AVVX3,572
J76NX,762
U9SH3,738
BKEYX,1011
RKOOJ,717
NIG0Z,753
W0XPU,749
88TGX,748
SJJ35,601
FBL47,739
3LN8C,843
FX7ZY,492
ENT4H,772
8D3M4,853
MC50M,343
3W31X,626
QO0UU,719
XPQ0D,532
0BLSL,627
4CAB5,733
J1MMG,844
OMHFD,739
2ADJI,590
5EIJ3,896
ZL7E9,402
GK7S7,726
MI76A,762
5GWS2,759
S4P5J,996
C8BKE,810
L8N31,752
VPB1Z,847
D3EY0,445
G5819,745
3CKXF,175
3OZUX,745
662ZU,847
VOU8V,675
XZ0KV,966
HQGEJ,788
EJIKG,655
KZN8C,822
1YSGI,664
Z2MBK,721
VJ2QS,571
B1AMA,899
MUE7H,1213
RY8ZS,725
SOZ1G,281
55PFS,760
5NJRH,727
OQFHT,720
TF0KM,743
NOFSE,640
83XF0,289
BAFYG,682
0UQU6,410
UB00R,636
RJF6F,506
FDIJX,406
OA6XR,739
AA104,561
1F4JZ,768
XRR22,1188
JISS4,1030
69TAU,823
WWHLD,658
FRGXE,517
2RRSO,715
0O36O,500
E9EKR,710
TLBWW,709
BSU86,735
PHIRP,166
78R4Y,426
EIZFC,739
IGZZG,443
FDVBR,686
W2NHA,740
4A28I,709
0VOQC,670
48BUM,735
NS216,333
2GQDN,728
AFAXI,648
7B6FP,532
LTJEO,742
GIA8M,729
Y2LH1,720
JFXG8,674
TLSUX,666
JNLCW,607
ITDHX,777
IC89C,1254
HLMQ8,391
CZ0MP,682
WIQ2O,754
A3Y9O,684
XIUQJ,843
ES2QH,946
NO9MI,626
29E4A,1049
5SAAB,739
0R4UI,172
E661I,736
S7JTZ,682
FSHB7,798
C4HHB,395
YPRUL,737
EYXSM,711
VD8PU,745
VUSFK,692
113YU,729
AQ3CP,776
HCM54,699
G183W,871
T3L2A,713
8GP10,631
P5SWU,735
3U6OZ,727
HJ8U7,779
54PFK,621
H69BE,738
WEYV3,703
WYZCW,728
GV0L7,729
QQG8X,761
TE074,747
R2ZYS,745
F8TWE,768
CFDXI,651
O5JIS,733
LUPRO,571
6ZWSU,735
4VODV,845
DNWCR,743
LV056,80
UBT4U,750
G9IUG,737
M2AKR,447
8ML3S,756
MR8CK,747
KBJL0,447
DHVLP,1511
8J723,935
WPR8G,750
JC3TE,942
PFTHZ,571
MPBRL,788
6UDGS,587
QHARF,768
YWS08,224
NMGIV,536
LQ0LM,753
S9KOH,193
UUPJS,737
CMC93,1248
EGVGL,774
AFY37,730
QEG5O,730
SFZ6Q,715
U75AZ,698
LDNE2,765
6FV5P,770
G4MNO,781
509W9,906
CVK5Z,809
LU82W,279
52WDV,913
ESTFR,862
QWKVM,740
S38BY,726
M7BD4,680
HAPCT,783
YMGGV,680
LQEB5,650
9L71W,772
OU3XH,823
Q38XP,746
8GXNA,759
FCDXN,752
98NYF,484
DFPOJ,731
BMYMI,501
XVEM8,612
AH32F,791
LPR6Z,829
OCVY4,832
O6DZ0,647
AAH0C,454
YD8BF,307
NKTWF,483
PNC99,922
OEYA3,714
EVU9O,737
Q5K4X,562
IZTHW,789
55UAT,643
FNNTW,817
3SDJE,735
WF89D,728
136V6,818
TTVN5,790
A96EQ,800
QX33M,755
3VH9O,727
UISBN,759
H51V5,691
RIZ7Y,751
YO9NC,720
8WJIR,834
AJTDO,883
91ZUX,747
H0L5S,715
KJNME,412
VTY0J,808
XG839,1145
I7AS7,732
DCLLS,706
LWRKS,750
1B2QD,715
759MY,486
9OCQT,296
XZ2QQ,487
C4MUA,723
LUQWY,820
FHAV0,794
96ATI,815
89MAO,570
FO9B1,216
UCPP8,1332
BVS38,674
K9HPB,236
9WX7N,791
PWJ3J,838
QJM3B,717
2C253,628
X0O65,682
ECCW2,665
UGF6Q,713
47ZXN,776
7RXMM,602
7XNAI,282
T8DK4,731
4JH6O,749
U3VOM,735
IWK2Y,323
1RHDP,451
B5YYS,747
8RSZ4,692
D6MZ4,555
SW8VM,730
J3V1D,745
GWXD9,541
K71S1,717
N588B,604
OOBMP,197
N8WK8,510
WWNVG,702
EL3N9,867
DXVRB,607
16WZF,400
M7Y6V,764
8ICEM,752
6HT0J,750
RE9O1,668
5XCUV,670
KJ8G2,720
K8MZH,730
ES10S,580
758T4,445
V8JOH,554
PURYC,810
B4XZD,530
TIY7F,321
P3XT7,798
AH4UW,772
0CX32,797
GBD1Y,790
O8N4M,745
CL29C,731
0FC0N,788
XGL67,753
DUHWU,723
IBNKL,663
VURS5,999
LPT4A,749
FKK5R,634
QWTGZ,727
EQQ2T,773
2MURI,416
10AEA,729
QQD2X,643
6B93R,1110
I8WPI,1435
40F42,552
LRJS4,618
G81JB,1148
8QTVQ,1237
25O6O,788
4MFE0,672
U44OC,742
1SCZE,597
ZRRC8,544
J9BXT,917
SJ4QF,743
QFDKV,792
HSKVH,735
AMP3N,744
OXKR5,613
4KYZH,879
UDGRS,722
D7ICK,745
LO7IU,743
U45LK,838
7EHQU,810
M8NZA,757
I8I5F,651
SFPJ7,690
MJZJM,726
03AA8,782
0TDOP,731
H4KNQ,763
AYXFY,557
BI6Y4,828
GSCNG,685
XSZ4H,629
QQTQN,813
UDGP2,747
D2ES2,752
YPTDT,720
LC2T0,362
UTLK1,761
CZY4Q,1030
PW6CO,681
WM8QQ,818
5S1WQ,756
UGWOG,1293
9VF2C,568
A18EX,731
XC9EY,608
INKPE,767
8M0ZV,723
9IO0Y,865
DBN7R,738
1X59T,189
MUZMD,908
VGPCG,757
452FV,438
PQZBX,475
FRXS5,714
KZTDH,627
M3OMM,499
PAWAE,760
N1DAP,399
ZIU9C,714
D24XF,753
165K2,895
NDH24,874
PT2Z0,449
N513D,730
RTXE6,399
3Q92U,723
BBZKE,829
81G9S,750
8ATVC,705
IBJMY,726
EVHAZ,825
HGSB7,753
FL7X4,411
QZP8N,696
0VKEE,678
U5CDS,318
XDP02,383
LENVX,800
ROEB7,412
D0E8H,1450
7FAB3,746
O76GM,779
J6JNK,739
V7PGV,624
MJPAH,163
EJY5V,507
LBRYS,521
48IQL,792
E75C2,745
WXGLA,751
B8JAF,775
W3CPB,480
UBCH6,238
T9BED,610
MME0V,680
5J91T,482
06EDS,852
Y436W,776
QPX3S,301
QIBAJ,763
MZOPX,876
IUW9N,728
14VCB,750
GI7JM,674
48WOM,593
3MPY7,712
Y6P1E,733
TE34B,1754
7TJ14,777
O8VYU,828
KEY1O,826
JPEQK,728
QT4W0,545
8370R,758
MILRI,687
5TG2E,823
FNPEY,448
EFR6I,838
9Q1N7,736
ATIAW,765
DK1F7,577
H4YTC,827
G99VH,931
UOI76,846
M2T77,736
2WN4P,736
PDK24,652
3AE3T,705
3IJGQ,720
E6IL3,750
AYKC6,287
4QGP6,317
B50MB,723
WEVQH,608
CH0PM,1259
BIL5H,511
I34L6,757
6TNP4,1071
KVONB,648
5IVO1,754
YTV2H,781
CIIWP,753
HNPC8,602
KV6V8,871
FKFU3,767
08QQS,720
8SDK5,521
2RTH2,750
HFTEO,745
PMVT7,703
A9BDS,773
FDDDG,367
LBJ0W,728
BAUQE,352
RYRQT,739
RBNLA,877
SIUU5,728
A5YR8,343
VDK6L,735
ZRXQ1,757
45D5U,764
GZF5F,407
SNECW,827
WEU2E,724
EI1W1,147
3R7NX,732
GIW6N,1039
99GC2,112
386XM,726
LURLC,747
34IUI,605
06OKE,747
HNPX7,719
Q36FS,614
F0ZPW,944
U08M9,770
CXGSD,790
ELBLK,722
2B3BL,1030
S8TI7,799
KSAU8,393
YH0BX,833
55MRE,506
WVB7F,802
LYO14,480
39850,676
0DAO5,708
DE8T8,750
VACHI,341
LZ8Z0,930
6G96Q,969
JQRMQ,655
YCY9G,881
R4BTI,942
NF45F,828
JCWVV,585
ZED9E,739
3HUXR,1000
W4S0Q,736
UAWXI,747
UG4M2,733
W495O,744
7KHIH,255
1JYPW,732
P8G8V,727
DH66I,770
96GC9,709
I4OFW,290
PNVRJ,742
AF8VD,485
JJON5,668
BBIMI,715
YJFWW,738
UVRMR,806
5FYKE,695
5AFC1,799
YDTH0,829
QLB69,756
X95FK,671
T8VDU,798
HAA4O,960
ELRP9,1021
2D5GN,765
GXZHG,399
52QLH,734
WUL5P,777
XECIL,791
IF7KE,517
AIYFU,600
R9382,664
5RET1,742
3KWFT,731
0NFT7,529
H59EA,773
CU3JE,634
VD0H8,722
KCEJF,744
ZK05Q,706
B4GM6,388
C0GSN,746
5ECJ4,634
03M0K,563
Y75AX,702
IK8PA,747
1SUIC,489
X62WQ,478
OURYR,739
1GQ73,739
OJIRT,823
Q81A4,504
UR55B,811
GFALT,501
2JWHI,725
JG7UX,663
1SLTT,616
YE47Y,865
RX7TC,726
N6XEV,877
5VUT9,625
5C4EK,375
C46TD,761
EQ1G5,551
AQ0CP,742
XNO6M,615
F17JD,652
DMANO,803
YQOPM,1118
O1S9I,752
KZS5M,861
T1JWU,520
PRQSR,752
A6GZT,677
GDTYU,683
UMTLM,452
RIV6I,712
YQCYJ,835
00SL4,216
QVBTC,823
Q6IU9,773
9Z1A3,641
G852Y,434
5NG8W,761
6KG58,173
AC9NI,752
D7M6N,754
65M4K,747
UUPEV,735
8L9AJ,778
CC2VQ,530
U896B,799
CZ65V,174
XDFPV,733
JUINA,778
JMPKP,855
X7HCQ,782
PNOSZ,754
CPZI6,579
MN1MC,731
0KISF,733
LP1F3,784
FYH25,878
8030U,847
IULMX,643
ZM3X3,803
3IMTV,856
VFTRG,559
J8SHW,934
VINM0,844
6MJGP,631
A3XXB,271
VU4J8,681
A1IUE,739
0KTWY,555
V2DAA,709
391VK,723
KVYOZ,195
3A400,611
9JI9W,1114
4CAHN,683
0GFE8,430
DDUXF,904
S8PVE,715
7ZL8E,751
F5OZ5,666
9OJXP,760
BPDTY,472
53FPM,935
287ST,838
4AQZ2,761
9I42K,735
4LUQL,779
EXYY8,464
7H0JK,743
SBHID,926
W8TE5,370
9JIOI,395
2QXXW,829
DACFC,747
BV5CC,723
H1XBH,658
5XEOB,614
ETDTU,296
J4GX8,702
18HFG,596
NBE4C,756
IVJWH,535
HXUI5,1150
WTIQ3,812
NG1Q8,739
5TF8P,682
D09K3,705
R4V8W,757
7POUA,745
BXRSI,955
HFYNW,461
V115C,570
SNK5Z,745
XRWBL,722
CA5OI,728
YE6UZ,826
KJRR9,598
6VMGZ,675
1FIGA,859
G71VM,850
NDBXV,1085
YPG4G,641
UETQS,744
COT5L,1197
A1QXA,714
ZDFOL,434
ZVRBL,760
ZP5TG,1020
20YRU,733
6PQZE,764
2CDEG,564
SUG5S,735
8R5DD,603
OAC4U,1046
VEKTO,701
0PFL9,731
VSJ05,756
UR6CU,538
S67WR,691
FC2SK,644
S7RGX,1006
T28D7,774
4HMTY,762
94KP4,728
EOD1J,743
8H570,739
SIREU,128
WTMMC,1389
MA6GY,801
QGQGZ,791
4X2JC,748
Y9SMX,1169
PKNT2,934
U9UI8,734
CMZOB,760
2FW38,733
RH2YW,730
6ZSB2,475
1440M,678
S2EXT,744
QN42P,732
G3WBE,1071
JXTAD,792
P0CET,803
1C6P3,722
70PUI,743
8OHDL,713
CG45V,678
97086,705
NCLD1,789
8AKGE,648
YRJMX,740
X4BQG,786
83FK5,999
SG8ZR,1197
WJ33D,755
AR4S6,687
3EIRZ,631
75HNO,724
W1CG2,734
QQMY8,320
WKVWF,699
0N6B0,621
G6BFY,764
S3FY2,731
FU5AP,827
GCK0H,728
CKUYC,715
TR0TO,600
PBGYV,759
Z0Q5D,507
ZKNPV,90
C9ZUO,752
M7KH7,937
XNBUT,220
OLEWM,722
9KGIR,780
72HTA,722
94HB1,777
IXISD,727
6Y0XA,706
OJVOV,710
AGN7Y,579
CIL5L,780
VP3WN,754
7R44Z,787
7OHQP,752
GKH4A,757
5AR9B,426
0CFQV,501
SZJ09,735
E4C1C,706
HB4AB,563
YLRVT,754
LDL8D,518
KOVTR,847
LEOL6,151
GQKIU,361
WMZME,971
BCUTT,740
ZBBP9,708
23YS1,1447
TVQO9,735
UFNPU,688
3CLVI,727
TMH6L,750
PQYWB,1100
4FGLC,731
FI2DL,493
